_verdict,source,teamId,teamName,teamCountry,competitions,clubQid,clubName,candidates,note
ambiguous-club,,,,,,Q157463,1. FC Saarbrücken,openligadb 417 1. FC Saarbrücken; openligadb 3078 1. FC Saarbrücken,more than one openligadb team matches this club; none linked
ambiguous-club,,,,,,Q535785,Würzburger Kickers,openligadb 398 Würzburger Kickers; openligadb 5276 Würzburger Kickers,more than one openligadb team matches this club; none linked
venue-disagrees,openligadb,1979,FSV Zwickau,DE,rlno,Q316896,FSV Zwickau,ours: Stadion Zwickau; theirs: GGZ Arena,"linked on the name; the ground names differ, which is often a sponsor's name against the old one - worth one look"
venue-disagrees,openligadb,1763,Hertha BSC II,DE,rlno,Q920263,Hertha BSC II,ours: Stadion auf dem Wurfplatz; theirs: Amateur-Stadion Olympia-Gelände,"linked on the name; the ground names differ, which is often a sponsor's name against the old one - worth one look"
unmatched-team,football-data,57,Arsenal FC,GB,CL;PL,,,Q9617 Arsenal F.C.,"no club on the map has this name; candidates share a word and are listed for a look, not proposed"
unmatched-team,football-data,58,Aston Villa FC,GB,CL;PL,,,Q18711 Aston Villa F.C.,"no club on the map has this name; candidates share a word and are listed for a look, not proposed"
unmatched-team,football-data,102,Atalanta BC,IT,SA,,,Q1886 Atalanta Bergamasca Calcio,"no club on the map has this name; candidates share a word and are listed for a look, not proposed"
unmatched-team,football-data,332,Birmingham City FC,GB,ELC,,,Q19444 Birmingham City F.C.,"no club on the map has this name; candidates share a word and are listed for a look, not proposed"
unmatched-team,football-data,59,Blackburn Rovers FC,GB,ELC,,,Q19446 Blackburn Rovers F.C.,"no club on the map has this name; candidates share a word and are listed for a look, not proposed"
unmatched-team,football-data,60,Bolton Wanderers FC,GB,ELC,,,Q19451 Bolton Wanderers F.C.; Q19500 Wolverhampton Wanderers F.C.,"no club on the map has this name; candidates share a word and are listed for a look, not proposed"
unmatched-team,football-data,402,Brentford FC,GB,PL,,,Q19571 Brentford F.C.,"no club on the map has this name; candidates share a word and are listed for a look, not proposed"
unmatched-team,football-data,397,Brighton & Hove Albion FC,GB,PL,,,Q18744 West Bromwich Albion F.C.; Q19453 Brighton & Hove Albion F.C.,"no club on the map has this name; candidates share a word and are listed for a look, not proposed"
unmatched-team,football-data,387,Bristol City FC,GB,ELC,,,Q19456 Bristol City F.C.,"no club on the map has this name; candidates share a word and are listed for a look, not proposed"
unmatched-team,football-data,328,Burnley FC,GB,ELC,,,Q19458 Burnley F.C.,"no club on the map has this name; candidates share a word and are listed for a look, not proposed"
unmatched-team,football-data,79,CA Osasuna,ES,PD,,,Q10286 Club Atlético Osasuna,"no club on the map has this name; candidates share a word and are listed for a look, not proposed"
unmatched-team,football-data,715,Cardiff City FC,GB,ELC,,,Q18662 Cardiff City F.C.,"no club on the map has this name; candidates share a word and are listed for a look, not proposed"
unmatched-team,football-data,348,Charlton Athletic FC,GB,ELC,,,Q19462 Charlton Athletic F.C.,"no club on the map has this name; candidates share a word and are listed for a look, not proposed"
unmatched-team,football-data,61,Chelsea FC,GB,PL,,,Q9616 Chelsea F.C.,"no club on the map has this name; candidates share a word and are listed for a look, not proposed"
unmatched-team,football-data,78,Club Atlético de Madrid,ES,CL;PD,,,Q10286 Club Atlético Osasuna; Q8682 Real Madrid Club de Fútbol; Q8701 Atlético Madrid,"no club on the map has this name; candidates share a word and are listed for a look, not proposed"
unmatched-team,football-data,1076,Coventry City FC,GB,PL,,,Q19580 Coventry City F.C.,"no club on the map has this name; candidates share a word and are listed for a look, not proposed"
unmatched-team,football-data,354,Crystal Palace FC,GB,PL,,,Q19467 Crystal Palace F.C.,"no club on the map has this name; candidates share a word and are listed for a look, not proposed"
unmatched-team,football-data,342,Derby County FC,GB,ELC,,,Q19470 Derby County F.C.,"no club on the map has this name; candidates share a word and are listed for a look, not proposed"
unmatched-team,football-data,62,Everton FC,GB,PL,,,Q5794 Everton F.C.,"no club on the map has this name; candidates share a word and are listed for a look, not proposed"
unmatched-team,football-data,108,FC Internazionale Milano,IT,CL;SA,,,Q631 FC Inter,"no club on the map has this name; candidates share a word and are listed for a look, not proposed"
unmatched-team,football-data,63,Fulham FC,GB,PL,,,Q18708 Fulham F.C.,"no club on the map has this name; candidates share a word and are listed for a look, not proposed"
unmatched-team,football-data,322,Hull City AFC,GB,PL,,,,no club on the map has this name
unmatched-team,football-data,349,Ipswich Town FC,GB,PL,,,Q9653 Ipswich Town F.C.,"no club on the map has this name; candidates share a word and are listed for a look, not proposed"
unmatched-team,football-data,535,Le Mans FC,FR,FL1,,,,no club on the map has this name
unmatched-team,football-data,341,Leeds United FC,GB,PL,,,Q1128631 Leeds United F.C.; Q18656 Manchester United F.C.; Q18716 Newcastle United F.C.; Q18747 West Ham United F.C.; Q19607 Sheffield United F.C.,"no club on the map has this name; candidates share a word and are listed for a look, not proposed"
unmatched-team,football-data,1126,Lincoln City FC,GB,ELC,,,Q18519 Lincoln City F.C.,"no club on the map has this name; candidates share a word and are listed for a look, not proposed"
unmatched-team,football-data,64,Liverpool FC,GB,CL;PL,,,Q1130849 Liverpool F.C.,"no club on the map has this name; candidates share a word and are listed for a look, not proposed"
unmatched-team,football-data,65,Manchester City FC,GB,CL;PL,,,Q18656 Manchester United F.C.; Q50602 Manchester City F.C.,"no club on the map has this name; candidates share a word and are listed for a look, not proposed"
unmatched-team,football-data,66,Manchester United FC,GB,CL;PL,,,Q1128631 Leeds United F.C.; Q18656 Manchester United F.C.; Q18716 Newcastle United F.C.; Q18747 West Ham United F.C.; Q19607 Sheffield United F.C.; Q50602 Manchester City F.C.,"no club on the map has this name; candidates share a word and are listed for a look, not proposed"
unmatched-team,football-data,343,Middlesbrough FC,GB,ELC,,,Q18661 Middlesbrough F.C.,"no club on the map has this name; candidates share a word and are listed for a look, not proposed"
unmatched-team,football-data,384,Millwall FC,GB,ELC,,,Q19487 Millwall F.C.,"no club on the map has this name; candidates share a word and are listed for a look, not proposed"
unmatched-team,football-data,67,Newcastle United FC,GB,PL,,,Q1128631 Leeds United F.C.; Q18656 Manchester United F.C.; Q18716 Newcastle United F.C.; Q18747 West Ham United F.C.; Q19607 Sheffield United F.C.,"no club on the map has this name; candidates share a word and are listed for a look, not proposed"
unmatched-team,football-data,68,Norwich City FC,GB,ELC,,,Q18721 Norwich City F.C.,"no club on the map has this name; candidates share a word and are listed for a look, not proposed"
unmatched-team,football-data,351,Nottingham Forest FC,GB,PL,,,Q19490 Nottingham Forest F.C.,"no club on the map has this name; candidates share a word and are listed for a look, not proposed"
unmatched-team,football-data,325,Portsmouth FC,GB,ELC,,,Q19604 Portsmouth F.C.,"no club on the map has this name; candidates share a word and are listed for a look, not proposed"
unmatched-team,football-data,1081,Preston North End FC,GB,ELC,,,Q19612 Preston North End F.C.,"no club on the map has this name; candidates share a word and are listed for a look, not proposed"
unmatched-team,football-data,69,Queens Park Rangers FC,GB,ELC,,,,no club on the map has this name
unmatched-team,football-data,560,RC Deportivo La Coruña,ES,PD,,,Q223620 Deportivo Alavés; Q8760 Deportivo de A Coruña,"no club on the map has this name; candidates share a word and are listed for a look, not proposed"
unmatched-team,football-data,86,Real Madrid CF,ES,CL;PD,,,Q8682 Real Madrid Club de Fútbol; Q8701 Atlético Madrid,"no club on the map has this name; candidates share a word and are listed for a look, not proposed"
unmatched-team,football-data,5335,Real Racing Club de Santander,ES,PD,,,Q12236 Racing de Santander,"no club on the map has this name; candidates share a word and are listed for a look, not proposed"
unmatched-team,football-data,356,Sheffield United FC,GB,ELC,,,Q1128631 Leeds United F.C.; Q18656 Manchester United F.C.; Q18716 Newcastle United F.C.; Q18747 West Ham United F.C.; Q19607 Sheffield United F.C.,"no club on the map has this name; candidates share a word and are listed for a look, not proposed"
unmatched-team,football-data,340,Southampton FC,GB,ELC,,,Q18732 Southampton F.C.,"no club on the map has this name; candidates share a word and are listed for a look, not proposed"
unmatched-team,football-data,70,Stoke City FC,GB,ELC,,,Q18736 Stoke City F.C.,"no club on the map has this name; candidates share a word and are listed for a look, not proposed"
unmatched-team,football-data,71,Sunderland AFC,GB,PL,,,Q18739 Sunderland A.F.C.,"no club on the map has this name; candidates share a word and are listed for a look, not proposed"
unmatched-team,football-data,72,Swansea City AFC,GB,ELC,,,Q18659 Swansea City A.F.C.,"no club on the map has this name; candidates share a word and are listed for a look, not proposed"
unmatched-team,football-data,73,Tottenham Hotspur FC,GB,PL,,,Q18741 Tottenham Hotspur F.C.,"no club on the map has this name; candidates share a word and are listed for a look, not proposed"
unmatched-team,football-data,471,US Sassuolo Calcio,IT,SA,,,Q1886 Atalanta Bergamasca Calcio; Q1900 Cagliari Calcio; Q2693 Parma Calcio 1913; Q2798 Udinese Calcio; Q652516 Benevento Calcio; Q6630 Ascoli Calcio 1898 FC; Q845043 Frosinone Calcio; Q8603 Unione Sportiva Sassuolo Calcio,"no club on the map has this name; candidates share a word and are listed for a look, not proposed"
unmatched-team,football-data,346,Watford FC,GB,ELC,,,Q2714 Watford F.C.,"no club on the map has this name; candidates share a word and are listed for a look, not proposed"
unmatched-team,football-data,74,West Bromwich Albion FC,GB,ELC,,,Q18744 West Bromwich Albion F.C.; Q19453 Brighton & Hove Albion F.C.,"no club on the map has this name; candidates share a word and are listed for a look, not proposed"
unmatched-team,football-data,563,West Ham United FC,GB,ELC,,,Q1128631 Leeds United F.C.; Q18656 Manchester United F.C.; Q18716 Newcastle United F.C.; Q18747 West Ham United F.C.; Q19607 Sheffield United F.C.,"no club on the map has this name; candidates share a word and are listed for a look, not proposed"
unmatched-team,football-data,76,Wolverhampton Wanderers FC,GB,ELC,,,Q19451 Bolton Wanderers F.C.; Q19500 Wolverhampton Wanderers F.C.,"no club on the map has this name; candidates share a word and are listed for a look, not proposed"
unmatched-team,football-data,404,Wrexham AFC,GB,ELC,,,Q18529 Wrexham A.F.C.,"no club on the map has this name; candidates share a word and are listed for a look, not proposed"
unmatched-team,openligadb,1584,1. FC Lok Leipzig,DE,rlno,,,Q162317 1. FC Lokomotive Leipzig; Q1921747 BSG Chemie Leipzig; Q20994272 RB Leipzig II; Q702455 RB Leipzig,"no club on the map has this name; candidates share a word and are listed for a look, not proposed"
unmatched-team,openligadb,7332,1. FC Magdeburg II,DE,rlno,,,Q155730 1. FC Magdeburg,"no club on the map has this name; candidates share a word and are listed for a look, not proposed"
unmatched-team,openligadb,6326,1. FC Phönix Lübeck,DE,dfb;rln,,,Q665920 VfB Lübeck,"no club on the map has this name; candidates share a word and are listed for a look, not proposed"
unmatched-team,openligadb,5024,Atlas Delmenhorst,DE,rln,,,,no club on the map has this name
unmatched-team,openligadb,4344,BFC Preussen,DE,rlno,,,Q316865 Preußen Münster,"no club on the map has this name; candidates share a word and are listed for a look, not proposed"
unmatched-team,openligadb,2727,Bremer SV,DE,rln,,,,no club on the map has this name
unmatched-team,openligadb,8803,Eimsbütteler TV,DE,rln,,,,no club on the map has this name
unmatched-team,openligadb,4342,Eintracht Norderstedt,DE,rln,,,Q154053 Eintracht Braunschweig; Q16559523 Eintracht Braunschweig II; Q38245 Eintracht Frankfurt; Q647893 Eintracht Trier,"no club on the map has this name; candidates share a word and are listed for a look, not proposed"
unmatched-team,openligadb,1765,FC St. Pauli II,DE,rln,,,Q6463 FC St. Pauli,"no club on the map has this name; candidates share a word and are listed for a look, not proposed"
unmatched-team,openligadb,5798,FSV 63 Luckenwalde,DE,rlno,,,,no club on the map has this name
unmatched-team,openligadb,8802,FSV Schöningen,DE,rln,,,,no club on the map has this name
unmatched-team,openligadb,5389,Greifswalder FC,DE,rlno,,,,no club on the map has this name
unmatched-team,openligadb,8804,HSC Hannover,DE,rln,,,Q16573990 Hannover 96 II; Q33748 Hannover 96,"no club on the map has this name; candidates share a word and are listed for a look, not proposed"
unmatched-team,openligadb,7595,Hamburg Eimsbütteler BC,DE,dfb,,,,no club on the map has this name
unmatched-team,openligadb,4550,Lüneburger SK Hansa,DE,dfb,,,Q142005 Hansa Rostock,"no club on the map has this name; candidates share a word and are listed for a look, not proposed"
unmatched-team,openligadb,6904,RSV Eintracht 1949,DE,rlno,,,Q154053 Eintracht Braunschweig; Q16559523 Eintracht Braunschweig II; Q38245 Eintracht Frankfurt; Q647893 Eintracht Trier,"no club on the map has this name; candidates share a word and are listed for a look, not proposed"
unmatched-team,openligadb,5712,SC St. Tönis,DE,dfb,,,,no club on the map has this name
unmatched-team,openligadb,4762,SSV Jeddeloh II,DE,dfb;rln,,,Q2207914 SSV Jeddeloh,"no club on the map has this name; candidates share a word and are listed for a look, not proposed"
unmatched-team,openligadb,6905,SV Hemelingen,DE,dfb,,,,no club on the map has this name
unmatched-team,openligadb,5213,SV Todesfelde,DE,rln,,,,no club on the map has this name
unmatched-team,openligadb,4568,SV Westfalia Rhynern,DE,dfb,,,,no club on the map has this name
unmatched-team,openligadb,4341,SpVgg Drochtersen/Assel,DE,rln,,,,no club on the map has this name
unmatched-team,openligadb,4555,TSV Schott Mainz,DE,dfb,,,Q105254 1. FSV Mainz 05; Q16525419 1. FSV Mainz 05 II,"no club on the map has this name; candidates share a word and are listed for a look, not proposed"
unmatched-team,openligadb,4600,VSG Altglienicke Berlin,DE,dfb;rlno,,,Q13426883 FC Viktoria 1889 Berlin; Q141971 1. FC Union Berlin; Q1565781 SV Tasmania Berlin,"no club on the map has this name; candidates share a word and are listed for a look, not proposed"
unmatched-team,openligadb,7594,VfB 1921 Krieschow,DE,dfb,,,,no club on the map has this name
