clubQid,name,country,tier,venue,capacity,lat,lon,ticketUrl,source,note,_ours,_stadiumdb,_osm,_sdbGround,_sdbCity,_sdbClub,_sdbUrl,_match,_candidates,_verdict
Q698702,Admira Wacker,AT,,,,,,,,,12000,7010,,Datenpol Arena,Vienna,Admira Wacker,https://stadiumdb.com/stadiums/aut/bundesstadion_sudstadt,name-exact+ground,,sources differ by 42%
Q699686,SC Schwarz-Weiß Bregenz,AT,,,,,,,,,12000,11112,,ImmoAgentur Stadion,Bregenz,Schwarz-Weiß,https://stadiumdb.com/stadiums/aut/casino_stadion_bregenz,name-contained+city,,sources differ by 7%
Q686826,First Vienna FC 1894,AT,,,,,,,,,5500,6000,,Hohe Warte,Vienna,First Vienna,https://stadiumdb.com/stadiums/aut/hohe_warte,name-contained+city,,sources differ by 8%
Q670438,SCR Altach,AT,,,,,,,,,8500,8200,,Stadion Schnabelholz,Altach,SCR,https://stadiumdb.com/stadiums/aut/stadion_schnabelholz,name-contained+city,,"the two ground names do not match but the two figures do - most likely one ground under a sponsor's name and its old one, worth confirming"
Q321061,FC Sion,CH,,,,,,,,,14283,20187,,Tourbillon,Sion,FC Sion,https://stadiumdb.com/stadiums/sui/stade_tourbillon,name-exact+city,,sources differ by 29%
Q189671,FC Basel,CH,,,,,,,,,38512,36000,,St. Jakob-Park,Basel,FC Basel,https://stadiumdb.com/stadiums/sui/st_jakob_park,name-exact+city,,sources differ by 7%
Q464775,FC Thun,CH,,,,,,,,,10000,9500,,Stockhorn Arena,Thun,FC Thun,https://stadiumdb.com/stadiums/sui/arena_thun,name-exact+city,,"the two ground names do not match but the two figures do - most likely one ground under a sponsor's name and its old one, worth confirming"
Q155730,1. FC Magdeburg,DE,,,,,,,,,30098,25910,,Avnet Arena,Magdeburg,Magdeburg,https://stadiumdb.com/stadiums/ger/stadion_magdeburg,name-contained+city,,sources differ by 14%
Q695008,FC Viktoria Köln,DE,,,,,,,,,8343,10000,,Sportpark Höhenberg,Cologne,Viktoria,https://stadiumdb.com/stadiums/ger/sportpark_hohenberg,name-contained+ground,,sources differ by 17%
Q137499,FC 08 Homburg,DE,,,,,,,,,21813,16488,,Waldstadion Homburg,Homburg,FC Homburg,https://stadiumdb.com/stadiums/ger/waldstadion_homburg,name-contained+city,,sources differ by 24%
Q155452,TuS Koblenz,DE,,,,,,,,,9500,15000,,Stadion Oberwerth,Koblenz,TuS Koblenz,https://stadiumdb.com/stadiums/ger/stadion_oberwerth,name-exact+city,,sources differ by 37%
Q665920,VfB Lübeck,DE,,,,,,,,,10434,17869,,Lohmühle,Lübeck,VfL Lübeck,https://stadiumdb.com/stadiums/ger/lohmuhle,name-contained+city,,sources differ by 42%
Q1921747,BSG Chemie Leipzig,DE,,,,,,,,,20000,10500,,Alfred-Kunze-Sportpark,Leipzig,"Sachsen, Chemie",https://stadiumdb.com/stadiums/ger/alfred_kunze_sportpark,name-contained+city,,sources differ by 48%
Q826212,VfB Oldenburg,DE,,,,,,,,,32000,15200,,Marschweg Stadion,Oldenburg,VfB Oldenburg,https://stadiumdb.com/stadiums/ger/marschweg_stadion,name-exact+city,,sources differ by 52%
Q310608,SC Fortuna Köln,DE,,,,,,,,,13750,14944,,Südstadion,Cologne,Fortuna,https://stadiumdb.com/stadiums/ger/sudstadion_koln,name-contained+ground,,sources differ by 8%
Q155186,FC Carl Zeiss Jena,DE,,,,,,,,,12990,15432,,ad hoc Arena,Jena,FC Carl Zeiss Jena,https://stadiumdb.com/stadiums/ger/jenaer_stadion,name-exact+city,,the two ground names do not match AND the two figures do not either - check which ground each source means before trusting either number
Q692586,VfR Aalen,DE,,,,,,,,,13271,14500,,OSTALB Arena,Aalen,VfR Aalen,https://stadiumdb.com/stadiums/ger/waldstadion_aalen,name-exact+city,,the two ground names do not match AND the two figures do not either - check which ground each source means before trusting either number
Q316896,FSV Zwickau,DE,,,,,,,,,10134,10134,,GGZ-Arena,Zwickau,FSV Zwickau,https://stadiumdb.com/stadiums/ger/stadion_zwickau,name-exact+city,,"the two ground names do not match but the two figures do - most likely one ground under a sponsor's name and its old one, worth confirming"
Q158121,SpVgg Unterhaching,DE,,,,,,,,,15053,15053,,Uhlsport Park,Unterhaching,SpVgg Unterhaching,https://stadiumdb.com/stadiums/ger/sportpark_unterhaching,name-exact+city,,"the two ground names do not match but the two figures do - most likely one ground under a sponsor's name and its old one, worth confirming"
Q12297,Villarreal CF,ES,,,,,,,,,24891,21332,,Estadio de la Cerámica,Villarreal,Villarreal CF,https://stadiumdb.com/stadiums/esp/estadio_el_madrigal,name-exact+city,,sources differ by 14%
Q8806,Getafe CF,ES,,,,,,,,,16500,10500,,Coliseum,Getafe,Getafe CF,https://stadiumdb.com/stadiums/esp/coliseum_alfonso_perez,name-exact+city,,sources differ by 36%
Q8682,Real Madrid Club de Fútbol,ES,,,,,,,,,83186,78297,,Estadio Santiago Bernabéu,Madrid,Real Madrid,https://stadiumdb.com/stadiums/esp/nuevo_santiago_bernabeu,name-contained+city,,sources differ by 6%
Q852079,Burgos CF,ES,,,,,,,,,12194,11380,,El Plantío,Burgos,Burgos CF,https://stadiumdb.com/stadiums/esp/el_plantio,name-exact+city,,sources differ by 7%
Q2311865,RC Celta Fortuna,ES,,,,,,,,,24870,22904,,Estadio Abanca Balaídos,Vigo,"Celta de Vigo, Celta Fortuna",https://stadiumdb.com/stadiums/esp/estadio_balaidos,name-contained+ground,,sources differ by 8%
Q8749,RC Celta de Vigo,ES,,,,,,,,,24870,22904,,Estadio Abanca Balaídos,Vigo,"Celta de Vigo, Celta Fortuna",https://stadiumdb.com/stadiums/esp/estadio_balaidos,name-contained+city,,sources differ by 8%
Q19516,Lille OSC,FR,,,,,,,,,50000,,,,,,,ambiguous,"Stade Pierre Mauroy (Lille, 50000); Stade Lille-Métropole (Lille, 18185)","2 StadiumDB grounds fit this club and nothing here says which, so no figure was compared"
Q208228,Stade de Reims,FR,,,,,,,,,21684,20519,,Stade Auguste-Delaune,Reims,Stade Reims,https://stadiumdb.com/stadiums/fra/stade_auguste_delaune,name-contained+city,,sources differ by 5%
Q309400,US Boulogne CO,FR,,,,,,,,,6600,15034,,Stade de la Libération,Boulogne-sur-Mer,US Boulogne,https://stadiumdb.com/stadiums/fra/stade_de_la_liberation_boulogne,name-contained+ground,,sources differ by 56%
Q870182,Clermont Foot 63,FR,,,,,,,,,11980,12678,,Stade Gabriel Montpied,Clermont-Ferrand,Clermont Foot,https://stadiumdb.com/stadiums/fra/stade_gabriel_montpied,name-contained+ground,,sources differ by 6%
Q48911,FC Lorient,FR,,,,,,,,,18500,16787,,Stade du Moustoir,Lorient,FC Lorient,https://stadiumdb.com/stadiums/fra/stade_du_moustoir,name-exact+city,,sources differ by 9%
Q18711,Aston Villa F.C.,GB,,,,,,,,,42640,37000,42788,Villa Park,Birmingham,Aston Villa,https://stadiumdb.com/stadiums/eng/villa_park,name-contained+ground,,sources differ by 13%
Q18708,Fulham F.C.,GB,,,,,,,,,25700,27782,25700,Craven Cottage,London,Fulham,https://stadiumdb.com/stadiums/eng/craven_cottage,name-contained+ground,,sources differ by 7%
Q19568,AFC Bournemouth,GB,,,,,,,,,12000,11307,,Vitality Stadium,Bournemouth,AFC Bournemouth,https://stadiumdb.com/stadiums/eng/dean_court,name-exact+city,,the two ground names do not match AND the two figures do not either - check which ground each source means before trusting either number
Q18519,Lincoln City F.C.,GB,,,,,,,,,10120,10669,,ProAmpac Stadium,Lincoln,Lincoln City,https://stadiumdb.com/stadiums/eng/sincil_bank_stadium,name-contained+city,,the two ground names do not match AND the two figures do not either - check which ground each source means before trusting either number
Q19453,Brighton & Hove Albion F.C.,GB,,,,,,,,,31800,31876,,Amex Stadium,Brighton & Hove,Albion,https://stadiumdb.com/stadiums/eng/falmer_stadium,name-contained+city,,"the two ground names do not match but the two figures do - most likely one ground under a sponsor's name and its old one, worth confirming"
Q18659,Swansea City A.F.C.,GB,,,,,,,,,20750,21000,,Swansea.com Stadium,Swansea,Swansea City,https://stadiumdb.com/stadiums/wal/swansea_stadium,name-contained+city,,"the two ground names do not match but the two figures do - most likely one ground under a sponsor's name and its old one, worth confirming"
Q18529,Wrexham A.F.C.,GB,,,,,,,,,10771,10771,,STōK Cae Ras,Wrexham,Wrexham AFC,https://stadiumdb.com/stadiums/wal/racecourse_ground,name-exact+city,,"the two ground names do not match but the two figures do - most likely one ground under a sponsor's name and its old one, worth confirming"
Q433230,A.P.S. Panthrakikos,GR,,,,,,,,,6198,3000,,Stádio Komotini,Komotini,Panthrakikos,https://stadiumdb.com/stadiums/gre/stadio_komotini,name-contained+ground,,sources differ by 52%
Q619215,M.G.S. Apollon Kalamarias (association football),GR,,,,,,,,,6500,7000,,Stádio Kalamariás,Kalamaria,Apóllon,https://stadiumdb.com/stadiums/gre/stadio_kalamarias,name-contained+ground,,sources differ by 7%
Q201584,AEK Athens F.C.,GR,,,,,,,,,32500,32500,,Allwyn Arena,Athens,AEK FC,https://stadiumdb.com/stadiums/gre/opap_arena,name-contained+city,,"the two ground names do not match but the two figures do - most likely one ground under a sponsor's name and its old one, worth confirming"
Q430993,Mantova 1911,IT,,,,,,,,,7367,12000,,Stadio Danilo Martelli,Mantua,Mantova,https://stadiumdb.com/stadiums/ita/stadio_danilo_martelli,name-contained+ground,,sources differ by 39%
Q2052,ACF Fiorentina,IT,,,,,,,,,43325,22000,,Stadio Artemio Franchi,Florence,Fiorentina,https://stadiumdb.com/stadiums/ita/stadio_artemio_franchi_firenze,name-contained+ground,,sources differ by 49%
Q1543,AC Milan,IT,,,,,,,,,75817,75817,,Stadio San Siro,Milan,"AC Milan, Inter FC",https://stadiumdb.com/stadiums/ita/stadio_san_siro,name-exact+city,,"the two ground names do not match but the two figures do - most likely one ground under a sponsor's name and its old one, worth confirming"
Q845043,Frosinone Calcio,IT,,,,,,,,,16227,16227,,PSC Arena,Frosinone,Frosinone Calcio,https://stadiumdb.com/stadiums/ita/stadio_benito_stirpe,name-exact+city,,"the two ground names do not match but the two figures do - most likely one ground under a sponsor's name and its old one, worth confirming"
Q5424763,Avântul Reghin,RO,,,,,,,,,,3000,,Stadionul Avântul,Reghin,Avântul Reghin,https://stadiumdb.com/stadiums/rou/stadionul_avantul,name-exact?ground-unchecked+city,,only StadiumDB has a figure
Q1262822,FC Botoșani,RO,,,,,,,,,12000,8500,,Stadionul Municipal Botoșani,Botoșani,FC Botoșani,https://stadiumdb.com/stadiums/rou/stadionul_municipal_botosani,name-exact?ground-unchecked+city,,sources differ by 29%
Q298201,FC ASA Târgu Mureș,RO,,,,,,,,,8200,3500,,Stadionul Municipal,Târgu Mureş,ASA Târgu Mureș,https://stadiumdb.com/stadiums/rou/stadionul_municipal_targu_mures,name-contained?ground-unchecked+city,,sources differ by 57%
Q680770,UTA Arad,RO,,,,,,,,,11500,12584,,Stadionul Francisc von Neuman,Arad,"UTA, Corvinul",https://stadiumdb.com/stadiums/rou/stadionul_francisc_von_neuman,name-contained+city,,sources differ by 9%
Q106779019,FC Bacău,RO,,,,,,,,,700,17500,,Stadionul Municipal Bacău,Bacău,FCM Bacău,https://stadiumdb.com/stadiums/rou/stadionul_municipal_bacau,name-contained+city,,the two ground names do not match AND the two figures do not either - check which ground each source means before trusting either number
Q56677281,Gloria Bistrița,RO,,,,,,,,,7814,8100,,Stadionul Gloria,Bistriţa,Gloria Bistriţa,https://stadiumdb.com/stadiums/rou/stadionul_gloria_bistrita,name-exact+city,,"the two ground names do not match but the two figures do - most likely one ground under a sponsor's name and its old one, worth confirming"
Q1689705,Jiul Petroșani,RO,,,,,,,,,15500,15500,,Stadionul Jiul,Petroșani,Jiul,https://stadiumdb.com/stadiums/rou/stadionul_jiul,name-contained+city,,"the two ground names do not match but the two figures do - most likely one ground under a sponsor's name and its old one, worth confirming"
Q20429561,Sepsi OSK Sfântu Gheorghe,RO,,,,,,,,,8400,8400,,Sepsi OSK Aréna,Sfântu Gheorghe,Sepsi OSK,https://stadiumdb.com/stadiums/rou/sepsi_osk_arena,name-contained+city,,"the two ground names do not match but the two figures do - most likely one ground under a sponsor's name and its old one, worth confirming"
Q995069,FK Novi Pazar,RS,,,,,,,,,12000,6900,,Gradski Stadion Novi Pazar,Novi Pazar,FK Novi Pazar,https://stadiumdb.com/stadiums/ser/gradski_stadion_novi_pazar,name-exact+city,,sources differ by 42%
Q173009,FK Crvena zvezda,RS,,,,,,,,,55538,51755,,Stadion Rajko Mitić,Belgrade,Crvena Zvezda,https://stadiumdb.com/stadiums/ser/marakana,name-contained+ground,,sources differ by 7%
Q140302346,FK Proleter 023,RS,,,,,,,,,13500,14458,,Stadion Karađorđe,Novi Sad,"Vojvodina, Proleter",https://stadiumdb.com/stadiums/ser/stadion_karodorde,name-contained+ground,,sources differ by 7%
Q218724,FK Javor Ivanjica,RS,,,,,,,,,5000,3000,,Stadion kraj Moravice,Ivanjica,Javor,https://stadiumdb.com/stadiums/ser/stadion_kraj_moravice,name-contained+city,,the two ground names do not match AND the two figures do not either - check which ground each source means before trusting either number
