leagueQid,tier,label,country,clubsSeen
Q749736,,Tercera División,ES,368
Q1141778,,Serie D,IT,260
Q1436035,,Gamma Ethniki,GR,113
Q973312,,championnat de France de football de cinquième division,FR,111
Q1061291,,championnat de France de football de quatrième division,FR,77
Q18573,,Southern Football League,GB,70
Q2949998,,Serie A,IT,69
Q18571,,Isthmian League,GB,67
Q175976,,Serie A Élite,IT,64
Q751826,,Segunda División B,ES,64
Q607965,,Serie C,IT,62
Q101885125,,European League of Football,AT;CH;DE;ES;FR,50
Q16958867,,Northern Amateur Football League,GB,49
Q4776029,,Derde Klasse,NL,48
Q1634353,,Spartan South Midlands Football League,GB,47
Q1877646,,Vierde divisie,NL,47
Q1788088,,Derde Divisie,NL,44
Q672305,,1. Liga,CH,43
Q2035193,,Southern Combination Football League,GB,42
Q2852931,,Hellenic Football League,GB,41
Q2748885,,Vierde Klasse,NL,40
Q2750075,,Northern Football League,GB,40
Q18502,,Northern Premier League,GB,39
Q1930578,,Northern Counties East Football League,GB,34
Q2675688,,Eerste Klasse,NL,34
Q3168890,,Wessex Football League,GB,34
Q1411650,,Combined Counties Football League,GB,33
Q62222,,North West Counties Football League,GB,33
Q645148,,Eccellenza,IT,33
Q519522,,United Counties League,GB,32
Q3558011,,English Basketball League,GB,31
Q657405,,Promozione,IT,31
Q864298,,championnat de France de football de troisième division,FR,31
Q1330821,,European Women's Hockey League,AT;IT,30
Q100486747,,Primera Federación,ES,29
Q52936104,,BAFA Division Two,GB,29
Q1142995,,Super League,FR;GB,28
Q2422930,,Western Football League,GB,28
Q2955893,,Championship,FR;GB,28
Q316686,,Fußball-Oberliga Nordost,DE,28
Q7446389,,Primera Federación FutFem,ES,28
Q15735,,Fußball-Bayernliga,DE,27
Q2951169,,championnat de France féminin de football de deuxième division,FR,27
Q3066955,,League of the Cantabrian Rowing Association,ES,27
Q40068,,Liga F,ES,27
Q7568871,,South West Peninsula League,GB,27
Q830717,,Serie C2,IT,27
Q878642,,Fußball-Oberliga Baden-Württemberg,DE,27
Q19565,,EFL League One,GB,26
Q3320248,,FA Women's National League,GB,26
Q918813,,British Basketball League,GB,26
Q100146559,,Primera Federación,ES,25
Q1231102,,Première Ligue,FR,25
Q175762,,Handball-Bundesliga,DE,25
Q2267464,,NIFL Championship,GB,25
Q26223,,Fußball-Oberliga Rheinland-Pfalz/Saar,DE,25
Q683390,,Fußball-Regionalliga,AT,25
Q738154,,Serie A Élite,IT,25
Q929124,,Serie A,IT,25
Q992184,,Supercopa de España de Baloncesto,ES,25
Q301660,,Österreichische Eishockey-Liga,AT;IT,24
Q48837,,EFL League Two,GB,24
Q58916,,National League,GB,24
Q1278145,,Eastern Counties Football League,GB,23
Q59041,,National League North,GB,23
Q1063016,,Prima Categoria,IT,22
Q1386684,,Women's FA Cup,GB,22
Q2261407,,Scottish Women's Premier League,GB,22
Q3063027,,Women's League Cup,GB,22
Q3405524,,Welsh Alliance League,GB,22
Q52936055,,BAFA Division One,GB,22
Q9086321,,Primera Catalana,ES,22
Q2990902,,Highland Football League,GB,21
Q3066961,,Galician trainera league,ES,21
Q316340,,Fußball-Hessenliga,DE,21
Q322918,,Fußball-Oberliga Niederrhein,DE,21
Q3957606,,Serie B,IT,21
Q1126104,,Liga ACB,ES,20
Q1132191,,All-Ireland League,GB,20
Q2398542,,Vijfde Klasse,NL,20
Q316113,,Oberliga Westfalen,DE,20
Q821097,,Berlin-Liga,DE,20
Q1610234,,Serie A (calcio a 5),IT,19
Q2529928,,Essex Senior Football League,GB,19
Q29274,,Greek Men's Basketball League,GR,19
Q317927,,Fußball-Oberliga Hamburg,DE,19
Q5328982,,East Midlands Counties Football League,GB,19
Q561845,,Rugby-Bundesliga,DE,19
Q5798,,championnat de France de rugby à XV,FR,19
Q609757,,Frauen-Bundesliga,DE,19
Q616724,,LNFS,ES,19
Q922935,,Serie A,IT,19
Q100486967,,Tercera Federación,ES,18
Q1088927,,Coppa Italia,IT,18
Q113159,,2. Frauen-Bundesliga,DE,18
Q1506274,,Serbian League Vojvodina,RS,18
Q2261276,,Scottish Football League,GB,18
Q2777436,,Tweede Divisie,NL,18
Q317868,,Fußball-Oberliga Niedersachsen,DE,18
Q58915,,National League South,GB,18
Q950844,,Women's Super League,GB,18
Q1424175,,championnat de France masculin de basket-ball de deuxième division,FR,17
Q14919807,,DEL2,DE,17
Q1522963,,Gibraltar National League,GB,17
Q2557436,,Cymru Alliance,GB,17
Q277945,,NIFL Premiership,GB,17
Q2949197,,Liga Nacional de Fútbol Americano masculina,ES,17
Q5399663,,Segunda División B de Futsal,ES,17
Q540636,,Basketball-Bundesliga,DE,17
Q694079,,Serbian League East,RS,17
Q7247950,,Professional Development League,GB,17
Q131412861,,Liga Matemática,ES,16
Q1390898,,Primera División de Futsal,ES,16
Q15062840,,championnat de France masculin de basket-ball,FR,16
Q1785497,,Vrouwen Eredivisie,NL,16
Q20025024,,Bayernliga Süd,DE,16
Q209970,,2. Handball-Bundesliga,DE,16
Q218555,,Cymru Premier,GB,16
Q2367435,,Kent Invicta Football League,GB,16
Q24448,,2. Liga,CH,16
Q512296,,Midland Football Alliance,GB,16
Q5960,,Premiership Rugby,GB,16
Q633968,,Primera División Femenina de Futsal,ES,16
Q6841046,,Mid Wales Football League,GB,16
Q1411299,,Southern Counties East Football League,GB,15
Q1960140,,Midland Football Combination,GB,15
Q203172,,championnat de France masculin de handball,FR,15
Q4493675,,East of Scotland Football League,GB,15
Q5284600,,Divisiones Regionales de Fútbol in Asturias,ES,15
Q5904,,championnat de France de rugby à XV de 2e division,FR,15
Q7981898,,Welsh Football League Division Two,GB,15
Q14489498,,Scottish Professional Football League,GB,14
Q1477071,,Fußball-Verbandsliga Hessen,DE,14
Q1770303,,Kreisliga,DE,14
Q20807484,,Women's Super League 2,GB,14
Q2402539,,Welsh Football League Division One,GB,14
Q388568,,Serbian League West,RS,14
Q677397,,Serie C1,IT,14
Q7981951,,Welsh National League,GB,14
Q1231323,,Liga Națională,RO,13
Q14377162,,Scottish Premiership,GB,13
Q1634803,,West Midlands (Regional) League,GB,13
Q2111375,,ProB,DE,13
Q2200409,,Central Midlands Football League,GB,13
Q2261921,,championnat de La Réunion de football,FR,13
Q662851,,Women’s League,CH,13
Q7072632,,OK Liga Femenina,ES,13
Q115921506,,Kings League,ES,12
Q1309841,,Fußball-Landesliga Westfalen,DE,12
Q133459870,,Ligue B,CH,12
Q1476473,,Fußball-Landesliga Niederrhein,DE,12
Q1477042,,Fußball-Sachsenliga,DE,12
Q1645341,,Landesliga Württemberg,DE,12
Q24008224,,Nationalliga A,CH,12
Q266043,,Dameneishockey-Bundesliga,AT,12
Q3066936,,Men's League San Miguel,ES,12
Q5070107,,League 1,GB,12
Q667660,,Swiss League,CH,12
Q688866,,National League A,CH,12
Q832856,,Brandenburg-Liga,DE,12
Q223352,,3. Liga,DE,11
Q247040,,Fußball-Westfalenliga,DE,11
Q2494381,,Floorball-Bundesliga,DE,11
Q25920664,,,ES,11
Q3325446,,División de Honor B de Rugby,ES,11
Q3654481,,Scottish Basketball Championship Men,GB,11
Q44151,,Bezirksliga,DE,11
Q4825491,,Fußball-Regionalliga Ost,AT,11
Q4882655,,Belgrade Zone League,RS,11
Q5284599,,Divisiones Regionales de Fútbol in Andalusia,ES,11
Q52936005,,BAFA Premier Division,GB,11
Q533588,,División de Honor de Rugby,ES,11
Q694394,,2. Liga interregional,CH,11
Q875706,,Fußball-Verbandsliga Mecklenburg-Vorpommern,DE,11
Q1249149,,championnat de France féminin de basket-ball,FR,10
Q1473324,,Scottish Football League Second Division,GB,10
Q2331632,,championnat de Polynésie française de football,FR,10
Q322171,,ProA,DE,10
Q324154,,Fußball-Oberliga Schleswig-Holstein,DE,10
Q324698,,Mittelrheinliga,DE,10
Q475887,,Bremen-Liga,DE,10
Q979217,,Champ Rugby,GB,10
Q12874858,,Greek C Men's Basketball League,GR,9
Q1467826,,Rugby-Union-Europameisterschaft,DE,9
Q20028073,,Bayernliga Nord,DE,9
Q25762,,Promotion League,CH,9
Q2950239,,Scottish Premiership Division Two,GB,9
Q3950976,,Northern Premier League Division One South,GB,9
Q4858459,,Northern Premier League Premier Division,GB,9
Q5284601,,Divisiones Regionales de Fútbol in Canary Islands,ES,9
Q5511145,,Landesliga Mitte (1963-2012),DE,9
Q600302,,division d'Honneur,FR,9
Q6135822,,Supercopa de España femenina de baloncesto,ES,9
Q641369,,Fußball-Verbandsliga Württemberg,DE,9
Q7446392,,Segunda División de Futsal,ES,9
Q891072,,championnat de Guyane de football,FR,9
Q9075583,,Segona Catalana,ES,9
Q9086062,,Tercera División de Futsal,ES,9
Q133459720,,Ligue A,CH,8
Q1394554,,Scottish Football League Third Division,GB,8
Q1477067,,Fußball-Thüringenliga,DE,8
Q1513746,,Basketball League of Serbia,RS,8
Q23308278,,2. Bundesliga Herren,DE,8
Q2541996,,Adran Premier,GB,8
Q2999793,,Coppa Italia di pallacanestro femminile,IT,8
Q30632742,,Premier 15s,GB,8
Q3179674,,OK Liga,ES,8
Q3240443,,ligue de la Méditerranée de football,FR,8
Q3957792,,Serie C,IT,8
Q4825490,,Fußball-Regionalliga Mitte,AT,8
Q48803639,,The Hundred,GB,8
Q492245,,Schweizer Fussballmeisterschaft der Frauen,CH,8
Q5284652,,Liga Națională,RO,8
Q6123735,,Tercera Asturfútbol,ES,8
Q687207,,ÖFB Frauen Bundesliga,AT,8
Q993765,,Fußball-Verbandsliga Baden,DE,8
Q1813957,,Anglian Combination,GB,7
Q19601853,,EUHL,AT,7
Q2135626,,Wearside Football League,GB,7
Q2261131,,Scottish Premiership,GB,7
Q2620916,,Bonaire League,NL,7
Q280002,,Greek A2 Men's Basketball League,GR,7
Q2951606,,Greek A Women's Football League,GR,7
Q3712183,,Liga I,RO,7
Q3718114,,Eccellenza Lombardia,IT,7
Q7058508,,Northern Ireland Intermediate League,GB,7
Q754839,,Football League First Division,GB,7
Q880029,,Deutsche Frauen Eishockey Liga,DE,7
Q9291649,,Regional Preferente de Cantabria,ES,7
Q974543,,FA National Futsal League,GB,7
Q114672261,,Serie A,IT,6
Q1153511,,DHB-Pokal,DE,6
Q11704330,,Tercera Catalana,ES,6
Q11903339,,Österreichische Floorball-Bundesliga,AT,6
Q127699,,Fußball-Verbandsliga Sachsen-Anhalt,DE,6
Q14468438,,Scottish Championship,GB,6
Q1476475,,Fußball-Landesliga Mittelrhein,DE,6
Q1477028,,Fußball-Regionalliga West,DE,6
Q1477036,,Verbandsliga Saarland,DE,6
Q1541887,,Liga Nacional de Hockey Hielo,ES,6
Q16642,,Six Nations Championship,FR;GB;IT,6
Q1824566,,Liga a IV-a,RO,6
Q1824570,,Primera FEB,ES,6
Q18547858,,Liga a IV-a Sibiu,RO,6
Q20103017,,,ES,6
Q2504807,,Liga Femenina de Baloncesto,ES,6
Q2949046,,National League 1,GB,6
Q2949826,,Women's Premier League,GB,6
Q2952038,,Liga I Feminin,RO,6
Q3173989,,División de Honor de Béisbol,ES,6
Q3718064,,Eccellenza Lazio,IT,6
Q3832203,,Segunda FEB,ES,6
Q5511147,,Landesliga Nordost,DE,6
Q5646074,,Hampshire Premier League,GB,6
Q66088007,,Primera Nacional de Fútbol (women),ES,6
Q686699,,DHB-Pokal,DE,6
Q752442,,Liga ASOBAL,ES,6
Q9022357,,Mens' Catalan League of American Football,ES,6
Q9062749,,Segunda Asturfútbol,ES,6
Q933242,,ligue de football de la Martinique,FR,6
Q1031665,,Greek A1 Men's Water Polo League,GR,5
Q129262058,,Super League Basketball,GB,5
Q130532384,,Austrian Women's Hockey League,AT,5
Q1477019,,Fußball-Regionalliga Nord,DE,5
Q1477021,,Fußball-Regionalliga Nordost,DE,5
Q15461558,,Liga Española de Béisbol,ES,5
Q1601662,,FA Women's Premier League National Division,GB,5
Q16331968,,Greek C Women's Football League,GR,5
Q16624689,,Second Division of Andalusia,ES,5
Q16737393,,Greek B Women's Football League,GR,5
Q17652315,,Serie A2,IT,5
Q1801613,,South of Scotland Football League,GB,5
Q2436235,,Tiroler Landesliga,AT,5
Q2520978,,Liga catalana de korfbal,ES,5
Q257400,,ABA League,RS,5
Q2613374,,Somerset County League,GB,5
Q2659331,,Dorset Premier Football League,GB,5
Q2952095,,Prva ženska liga,RS,5
Q300020,,Deutsche Volleyball-Bundesliga,DE,5
Q30560738,,League of Legends European Championship,DE,5
Q322125,,Handball-Bundesliga,DE,5
Q3717991,,Eccellenza Campania,IT,5
Q3750874,,LEB Plata,ES,5
Q4858272,,Northern Premier League Division One North,GB,5
Q5284611,,"Tercera división, Grupo XIII",ES,5
Q672075,,Superliga de Voleibol Masculina,ES,5
Q6909309,,Morava Zone League,RS,5
Q6970342,,RoBowl,RO,5
Q7939889,,Vojvodina League East,RS,5
Q812802,,BeNe League,NL,5
Q1055003,,Cheshire Association Football League,GB,4
Q126394035,,IJshockey Nederland Vrouwen Competitie,NL,4
Q12732182,,Liga A Prahova,RO,4
Q12732211,,Liga a IV-a Buzău,RO,4
Q1400146,,Dutch Basketball League,NL,4
Q1477024,,Fußball-Regionalliga Süd,DE,4
Q15145680,,Central Macedonia Basketball Clubs Association,GR,4
Q167364,,Premier Academy League,GB,4
Q16835366,,Lowland Football League,GB,4
Q16846238,,North Caledonian Football League,GB,4
Q177138,,Scottish Football League First Division,GB,4
Q18548570,,Liga a IV-a Timiș,RO,4
Q2046230,,West Lancashire Football League,GB,4
Q20798387,,Central European Hockey League,DE;NL,4
Q2120557,,Pétanque-Bundesliga,DE,4
Q213347,,English Football League,GB,4
Q223351,,3. Liga,DE,4
Q23933712,,Alps Hockey League,AT;IT,4
Q2540334,,Divisiones Regionales de Fútbol in the Community of Madrid,ES,4
Q2951508,,championnat de France masculin de water-polo,FR,4
Q29784192,,Erste Judo Bundesliga,AT,4
Q315442,,Eishockey-Oberliga,DE,4
Q4800813,,Arthurian League,GB,4
Q4892386,,Divisiones Regionales de Fútbol in the Valencian Community,ES,4
Q5284602,,Divisiones Regionales de Fútbol in Balearic Islands,ES,4
Q6954875,,Fußball-Oberliga Nordost (Staffel Nord),DE,4
Q696747,,Slohokej League,RS,4
Q7634602,,Suffolk and Ipswich Football League,GB,4
Q826516,,Fußball-Landesliga Bremen,DE,4
Q937600,,Nationalliga B,CH,4
Q1054995,,Manchester Football League,GB,3
Q110987372,,Tercera Galicia,ES,3
Q11152,,EFL Cup,GB,3
Q111710124,,Segunda Federación (women),ES,3
Q124415628,,Southern Counties League,GB,3
Q12732204,,Liga a IV-a Bihor,RO,3
Q12732205,,Liga a IV-a Constanța,RO,3
Q12732209,,Liga a IV-a București,RO,3
Q12732224,,Liga a IV-a Ialomița,RO,3
Q12732227,,Liga a IV-a Mureș,RO,3
Q12732231,,Liga a IV-a Vâlcea,RO,3
Q12874261,,Greek B Men's Basketball League,GR,3
Q1342438,,England Hockey League,GB,3
Q1477025,,Fußball-Regionalliga Südwest,DE,3
Q15919043,,Tercera División de España - Grupo XV,ES,3
Q17183237,,Women's British Basketball League,GB,3
Q1824619,,Liga de Fútbol Indoor,ES,3
Q1879517,,Middlesex County Football League,GB,3
Q2003336,,Divisiones Regionales de Fútbol in Catalonia,ES,3
Q20994047,,División de Honor Andaluza,ES,3
Q2100726,,Gloucestershire Northern Senior League,GB,3
Q2215992,,Salzburger Liga,AT,3
Q2252279,,Terza Categoria,IT,3
Q23021345,,championnat de France féminin de rugby à XV de 2e division,FR,3
Q2359623,,Women's Six Nations Championship,FR;GB;IT,3
Q23793903,,Swiss Women’s Hockey League B,CH,3
Q24185224,,England Korfball League,GB,3
Q2429321,,Tweede Klasse,NL,3
Q2561875,,Superliga Femenina de Voleibol,ES,3
Q2604199,,ligue guadeloupéenne de football,FR,3
Q2951366,,championnat de France féminin de rugby à XV,FR,3
Q2952248,,championnat de Suisse féminin de volley-ball,CH,3
Q305104,,Liga Națională de hochei,RO,3
Q3325816,,Divisiones Regionales de Fútbol in Galicia,ES,3
Q3393234,,First Autonomous Region of Galicia,ES,3
Q3654182,,Campionato italiano di hockey su ghiaccio femminile,IT,3
Q36605,,Prva Futsal Liga,RS,3
Q3712068,,Serie B Nazionale,IT,3
Q3956381,,Serie A1,IT,3
Q429662,,Eccellenza Emilia-Romagna,IT,3
Q4825492,,Fußball-Regionalliga West,AT,3
Q5284608,,Divisiones Regionales de Fútbol in Navarre,ES,3
Q5307674,,Drina Zone League,RS,3
Q5511149,,Landesliga Südost,DE,3
Q5511150,,Landesliga Südwest,DE,3
Q60847120,,championnat de France féminin de rugby à XV de 2e division fédérale,FR,3
Q6842349,,Midland Football League,GB,3
Q686954,,Lidl Unihockey Prime League,CH,3
Q821174,,Handball League of Serbia,RS,3
Q906559,,Divisiones Regionales de Fútbol,ES,3
Q104439820,,Tercera División RFEF 2021-22,ES,2
Q104880240,,BNXT League,NL,2
Q1049208,,Liga MOL,RO,2
Q106431978,,Vrouwen Beloftencompetitie,NL,2
Q112625442,,championnat de France de rugby à XV de Nationale 2,FR,2
Q114839745,,Onder 21 competitie,NL,2
Q12200809,,Primera Regional de Extremadura,ES,2
Q123114739,,Perthshire League,GB,2
Q1231272,,ligue régionale de football,FR,2
Q123511135,,Frauen Judo Bundesliga,AT,2
Q12400186,,Second Autonomous Region of Galicia,ES,2
Q12732203,,Liga a IV-a Alba,RO,2
Q12732207,,Liga a IV-a Brăila,RO,2
Q12732210,,Liga a IV-a Cluj,RO,2
Q12732212,,Liga a IV-a Argeș,RO,2
Q12732213,,Liga a IV-a Caraș-Severin,RO,2
Q12732214,,Liga a IV-a Galați,RO,2
Q12732218,,Liga a IV-a Călărași,RO,2
Q12732220,,Liga a IV-a Gorj,RO,2
Q12732223,,Liga a IV-a Hunedoara,RO,2
Q12732225,,Liga a IV-a Ilfov,RO,2
Q12732229,,Liga a IV-a Olt,RO,2
Q12732230,,Liga a IV-a Satu Mare,RO,2
Q127804527,,Floorball-Bundesliga Österreich 2024/25,AT,2
Q12872493,,Southern Attica Association of Basketball Clubs,GR,2
Q1340918,,Hoofdklasse,NL,2
Q1422528,,Hellenic Futsal Super League,GR,2
Q1436448,,Football League Third Division,GB,2
Q1476961,,Fußball-Regionalliga,DE,2
Q1574545,,Handball-Oberliga Baden-Württemberg der Frauen,DE,2
Q1574547,,Handball-Oberliga Baden-Württemberg der Männer,DE,2
Q16998646,,Netball Superleague,GB,2
Q17333756,,Preferred Regional Menorca,ES,2
Q1756562,,Divizia A1 de volei feminin,RO,2
Q1779116,,Greek A1 Women's Water Polo League,GR,2
Q18538278,,Liga a IV-a Brașov,RO,2
Q18541340,,Liga a IV-a Bacău,RO,2
Q18541679,,Liga a IV-a Maramureș,RO,2
Q18548729,,Liga a IV-a Tulcea,RO,2
Q2043131,,OÖ Liga,AT,2
Q2079392,,Beloften Eredivisie,NL,2
Q209827,,2. Floorball-Bundesliga,DE,2
Q209968,,2. Handball-Bundesliga,DE,2
Q2182380,,Gloucestershire County Football League,GB,2
Q2382278,,West Cheshire Association Football League,GB,2
Q2506665,,North Berks Football League,GB,2
Q2613301,,Bedfordshire County Football League,GB,2
Q2785054,,Wiltshire Football League,GB,2
Q2950711,,championnat de France de rugby à XV de Régionale 1,FR,2
Q2950973,,championnat de France de basket-ball de Nationale masculine 1,FR,2
Q2951043,,championnat de France féminin de floorball,FR,2
Q2951241,,championnat de France masculin de handball de deuxième division,FR,2
Q3023620,,Superliga 2 Femenina de Voleibol,ES,2
Q3054684,,Fußball in der Schweiz,CH,2
Q3091830,,Fédération française de natation,FR,2
Q3240347,,ligue de Midi-Pyrénées de football,FR,2
Q3712074,,Divisione Nazionale C,IT,2
Q3718091,,Eccellenza Liguria,IT,2
Q375693,,Women VolleyLeague,AT,2
Q3816728,,Basketball League of Serbia B,RS,2
Q3883111,,tournoi de tennis d'Andrézieux-Bouthéon,FR,2
Q3956990,,Serie A,IT,2
Q3957473,,Serie B (calcio femminile),IT,2
Q429206,,championnat de France de rugby à XV de 2e division fédérale,FR,2
Q4825462,,Austrian 2. Landesliga,AT,2
Q48851752,,Campionato Primavera 1,IT,2
Q4900351,,Bezirksliga Mittelfranken Nord,DE,2
Q5019417,,Caledonian Amateur Football League,GB,2
Q5267791,,Devon and Exeter Football League,GB,2
Q5399851,,Essex and Suffolk Border Football League,GB,2
Q5511148,,Landesliga Nordwest,DE,2
Q558216,,German Football League,DE,2
Q5651166,,Primera Regional de las Islas Baleares,ES,2
Q56527554,,2018–19 Eredivisie (women),NL,2
Q5811678,,Divisiones regionales de Aragón,ES,2
Q5811781,,División de Honor de Vizcaya,ES,2
Q5837898,,Divisiones Regionales de Fútbol in Extremadura,ES,2
Q5975525,,Liga Femenina 2 de Baloncesto,ES,2
Q62389762,,Women's Spanish League of American Football,ES,2
Q6294547,,Ligas Regionales,ES,2
Q633135,,Handball Liga Austria,AT,2
Q6537236,,Lewis and Harris Football League,GB,2
Q6551250,,Lincolnshire Football League,GB,2
Q6905846,,Montgomeryshire Football League,GB,2
Q6954881,,Fußball-Oberliga Nordost (Staffel Süd),DE,2
Q6974047,,National League 2 North,GB,2
Q71247308,,Liga Élite de hockey línea de España,ES,2
Q74116528,,Austrian Basketball Superliga,AT,2
Q747225,,División de Plata de Balonmano,ES,2
Q7569615,,Southern Amateur Football League,GB,2
Q821999,,Liga Națională,RO,2
Q828056,,Fußball-Landesliga Hamburg,DE,2
Q878505,,Landesliga,DE,2
Q980206,,Italian Football League,IT,2
Q100589236,,First League of Republika Srpska,RS,1
Q101438672,,,ES,1
Q1031297,,Catalan football championship,ES,1
Q1041850,,Serbian Water polo League A,RS,1
Q1050620,,Liga a V-a,RO,1
Q10526826,,Huddersfield and District Association Football League,GB,1
Q1054420,,Lancashire Combination,GB,1
Q105962727,,Regionalliga Salzburg,AT,1
Q105967476,,Primera División RFEF 2021-22,ES,1
Q106977877,,Liga I,RO,1
Q106977879,,Liga II,RO,1
Q107067405,,2. Landesliga Ost (Niederösterreich),AT,1
Q107144168,,2021–22 Preferente Galicia,ES,1
Q107376267,,Tercera División RFEF - Grupo VIII,ES,1
Q107719637,,Tercera División RFEF 2021-22,ES,1
Q107977527,,championnat de France de basket-ball 2021-2022,FR,1
Q1112545,,Handball-Oberliga Niedersachsen,DE,1
Q112155972,,Handball-Regionalliga Süd,DE,1
Q1125188,,Scottish National League,GB,1
Q1127622,,Rugby Football League,GB,1
Q1136446,,SuperLiga,RO,1
Q114350166,,División de Honor Plata femenina de balonmano,ES,1
Q1152882,,DEB-Pokal der Frauen,DE,1
Q1158340,,Damen-Basketball-Bundesligen,DE,1
Q116815374,,Campionat de Catalunya de voleibol masculí,ES,1
Q11689129,,División de Honor de Hockey Hierba Femenino,ES,1
Q11700494,,Primera División Nacional de balonmano,ES,1
Q117536457,,2. Bundesliga Pro,DE,1
Q118223254,,Primera Federación 2023-24,ES,1
Q11932339,,,ES,1
Q119953200,,Lliga Elit,ES,1
Q120431,,National Ice Hockey League,GB,1
Q122070585,,SGA-competitie,NL,1
Q1231259,,championnat de France de hockey sur glace D4,FR,1
Q1231278,,División de Honor de Hockey Hierba,ES,1
Q123511675,,Zweite Judo Bundesliga,AT,1
Q123953892,,Segunda Federación Femenina de España 2023-24,ES,1
Q123984566,,Serie C (pallacanestro maschile),IT,1
Q125451046,,2024–25 Primera Federación,ES,1
Q125740050,,Greek Pre League Men's Volleyball,GR,1
Q126924470,,Handball-Regionalliga Baden-Württemberg,DE,1
Q12732217,,Liga a IV-a Covasna,RO,1
Q12732219,,Liga a IV-a Giurgiu,RO,1
Q12732228,,Liga a IV-a Mehedinți,RO,1
Q1275336,,Endesa,ES,1
Q12756709,,Kikinda - Novi Becej Municipal League,RS,1
Q127963138,,2024–25 Segunda FEB,ES,1
Q1280206,,Landesliga Steiermark,AT,1
Q12872457,,Eastern Macedonia and Thrace Association of Basketball Clubs,GR,1
Q12872463,,Aetolia-Acarnania Football Clubs Association,GR,1
Q12872484,,Samos Football Clubs Association,GR,1
Q12872491,,Ένωση Σωματείων Καλαθοσφαίρισης Βορειοδυτικής Ελλάδας,GR,1
Q12872805,,Women’s Basketball League 2,GR,1
Q12872808,,Greek A2 Men's Water Polo League,GR,1
Q12872818,,Athens F.C.A. A league,GR,1
Q129029119,,Handball-Regionalliga Bayern,DE,1
Q130209955,,2024–25 Liga Femenina de Baloncesto,ES,1
Q1313769,,Eishockey-Bezirksliga Bayern,DE,1
Q1314880,,Eishockey-Landesliga Bayern,DE,1
Q1334030,,Nachwuchs-Basketball-Bundesliga,DE,1
Q134077472,,2026-27 Primera Federación,ES,1
Q135103148,,Liga U,ES,1
Q135826604,,National League (Eishockey) 2025/26,CH,1
Q138495521,,,CH,1
Q1402515,,Feldhandball-Bundesliga,DE,1
Q1435997,,German Football League Women,DE,1
Q1436315,,Football League Fourth Division,GB,1
Q1443938,,Italian Hockey League - Division I,IT,1
Q144644,,Pro12 2011-12,IT,1
Q14626725,,Scottish League Two,GB,1
Q1476469,,Fußball-Landesliga Bayern,DE,1
Q1477038,,Fußball-Rheinlandliga,DE,1
Q14906080,,Promotiedivisie,NL,1
Q15141004,,Nationalliga A,CH,1
Q1546408,,Greek A1 League Men's Volleyball,GR,1
Q15819154,,Handball-Oberliga Hessen,DE,1
Q15874959,,Eredivisie Futsal,NL,1
Q1617018,,championnat de France de rugby à XIII,FR,1
Q16327757,,Women's National League,GR,1
Q16327957,,Attica Association of Basketball Clubs,GR,1
Q16537560,,championnat de France féminin de rugby à XIII,FR,1
Q16563813,,NIFL Premier Intermediate League,GB,1
Q16571719,,Swiss Women’s Hockey League C,CH,1
Q16828301,,British Universities Ice Hockey Association,GB,1
Q16839729,,Forth and Endrick Football League,GB,1
Q169519,,Deutsche Eishockey Liga,DE,1
Q16961808,,First Regional Basketball League (Serbia),RS,1
Q169918,,Coppa Italia,IT,1
Q17342725,,Basketball-Bundesliga 2014/15,DE,1
Q17355248,,Women Handball Austria,AT,1
Q1774675,,División de Honor de Waterpolo,ES,1
Q1802366,,Vorarlbergliga,AT,1
Q1819604,,2009–10 Celtic League,GB,1
Q18379761,,Caithness Amateur Football Association,GB,1
Q18417282,,Cupa României,RO,1
Q18504,,National League,GB,1
Q1850710,,Premier Reserve League,GB,1
Q18541339,,Liga a IV-a Arad,RO,1
Q18541351,,Liga a VI-a,RO,1
Q18548358,,Liga a IV-a Sălaj,RO,1
Q18549264,,Liga a IV-a Vrancea,RO,1
Q18549770,,Liga a IV-a Teleorman,RO,1
Q18712465,,Northern Ireland Football League,GB,1
Q1882060,,North Devon Football League,GB,1
Q19874321,,Hope Valley Amateur League,GB,1
Q19903109,,WRU Division One West,GB,1
Q20103357,,,ES,1
Q20104243,,,ES,1
Q20107106,,,ES,1
Q2023337,,División de Honor Juvenil de España,ES,1
Q20435533,,Zone League East,RS,1
Q204918,,Österreichische Basketball Bundesliga,AT,1
Q20745851,,II. Liga Nord,AT,1
Q20830741,,Thessaloniki Basketball Clubs Association,GR,1
Q209738,,2. Deutsche Volleyball-Bundesliga,DE,1
Q209740,,2. Deutsche Volleyball-Bundesliga,DE,1
Q2118261,,East Cornwall League,GB,1
Q2158500,,Divisiones Regionales de Fútbol in Castilla-La Mancha,ES,1
Q2186869,,KNSB-competitie,NL,1
Q22097764,,Midland Football League,GB,1
Q2228092,,First League of Serbia,RS,1
Q2272187,,Serbian Hockey League,RS,1
Q23013447,,Gloucestershire County Womens Football League,GB,1
Q23021344,,championnat de France féminin de rugby à XV de 1re division fédérale,FR,1
Q2303321,,Super Ibérica de Rugby,ES,1
Q2315647,,Kent County League,GB,1
Q23978504,,2016–17 Eerste Divisie,NL,1
Q2409829,,Greek A1 League Women's Volleyball,GR,1
Q2427920,,Lega Calcio Serie A,IT,1
Q247481,,Fußball-Landesliga Niedersachsen,DE,1
Q252836,,Coppa Italia Serie C,IT,1
Q2535201,,Beloften Eerste Divisie,NL,1
Q25408693,,Serie A1,IT,1
Q2572190,,Campionato italiano di pallavolo maschile,IT,1
Q2576614,,Isthmian League Division One North,GB,1
Q2718382,,Dorset Football League,GB,1
Q277587,,Men's Hoofdklasse Hockey,NL,1
Q28054051,,Διοργανώσεις ΕΠΣ Πειραιά 2016–17,GR,1
Q28058882,,Διοργανώσεις ΕΠΣ Ξάνθης 2016–17,GR,1
Q28448591,,SGB Premiership,GB,1
Q28448592,,SGB Championship,GB,1
Q288041,,Fußball-Landesliga,AT,1
Q2914,,Spanish football league system,ES,1
Q2941183,,championnat de France de football américain D1,FR,1
Q2949198,,Liga Nacional de Hockey Hielo Femenino,ES,1
Q2949872,,Serie A,IT,1
Q2949877,,Campionato italiano di football americano,IT,1
Q2950578,,championnat de Bretagne de football gaélique,FR,1
Q2950772,,championnat de France Pro B de tennis de table,FR,1
Q2951195,,championnat de France de football gaélique,FR,1
Q2951214,,championnat de France féminin de handball de Nationale 1,FR,1
Q2951245,,championnat de France féminin de hockey sur glace,FR,1
Q29919148,,championnat de France de football des moins de 17 ans et des moins de 19 ans,FR,1
Q299543,,Milan Indoor,IT,1
Q2999849,,Coupe de Bretagne de football gaélique,FR,1
Q300016,,Deutsche Volleyball-Bundesliga,DE,1
Q30084427,,championnat de France de rugby à XV 2017-2018,FR,1
Q302398,,Catalan Football Championship of Second Category,ES,1
Q3051605,,Overgangsklasse,NL,1
Q3065059,,Northern Football Alliance,GB,1
Q30668116,,Liga I Feminin,RO,1
Q3240336,,ligue de Bourgogne de football,FR,1
Q3240516,,Ligue Centre-Val de Loire de football,FR,1
Q3325943,,Tercera FEB,ES,1
Q3336842,,National Basketball League,GB,1
Q368165,,División de Honor de Waterpolo,ES,1
Q3718040,,Eccellenza Friuli-Venezia Giulia,IT,1
Q3718164,,Eccellenza Molise,IT,1
Q3718185,,Eccellenza Piemonte-Valle d'Aosta,IT,1
Q3718238,,Eccellenza Sardegna,IT,1
Q3718264,,Eccellenza Sicilia,IT,1
Q3718288,,Eccellenza Toscana,IT,1
Q3718364,,Eccellenza Veneto,IT,1
Q37417415,,Coppa Italia Lega Pro,IT,1
Q3800174,,Internazionali Femminili di Tennis Città di Caserta,IT,1
Q3829452,,Italia Hockey League,IT,1
Q39060489,,Men's Hockey League,GB,1
Q3956392,,Serie A1,IT,1
Q3956646,,Superlega (pallavolo),IT,1
Q3956717,,Serie A2,IT,1
Q3957480,,Serie B,IT,1
Q3984855,,Terza Divisione 1924-1925,IT,1
Q41793722,,Greek Pre League Women's Volleyball,GR,1
Q43146900,,Wiener Frauen Landesliga,AT,1
Q4510971,,Women's А Basketball League of Serbia,RS,1
Q4552361,,Essex Olympian Football League,GB,1
Q4763394,,Anglesey League,GB,1
Q480019,,Ringer-Bundesliga,DE,1
Q483020,,Paris Saint-Germain FC,FR,1
Q4836811,,BUCS Football League,GB,1
Q483794,,Copa del Rey,ES,1
Q48750368,,Ligue régionale Auvergne-Rhône-Alpes de rugby,FR,1
Q4990655,,Midlands Regional Alliance,GB,1
Q5051223,,Catalan Rugby League Championship,ES,1
Q5061807,,Central Scottish Amateur Football League,GB,1
Q5092950,,Cheshire County League,GB,1
Q5179046,,Coventry Alliance Football League,GB,1
Q5194425,,Cupa României,RO,1
Q5284605,,Divisiones Regionales de Fútbol in Castile and León,ES,1
Q5284609,,Divisiones Regionales de Fútbol in the Basque Country,ES,1
Q55075146,,Lancs/Cheshire Division 3,GB,1
Q5511144,,Gruppenliga,DE,1
Q576434,,prix de Rome,FR,1
Q5786939,,Copa Federación Española de Bolos,ES,1
Q5857037,,Tercera División de España - Grupo VII,ES,1
Q586642,,Campeonato Regional Centro,ES,1
Q593501,,División de Honor de Balonmano Femenina,ES,1
Q5975681,,Liga Nacional de Bolos,ES,1
Q599310,,Seconda Categoria,IT,1
Q61974506,,Liga a V-a Suceava,RO,1
Q63373129,,SPAR Premium League 2,CH,1
Q63967570,,Eishockey-Hessenliga,DE,1
Q642975,,Elite Ice Hockey League,GB,1
Q6436644,,Kreisliga Schwaben-Mitte,DE,1
Q64809001,,,ES,1
Q6484470,,Landesliga Weser-Ems,DE,1
Q653544,,Trophée des champions,FR,1
Q6545746,,Liga I (futsal),RO,1
Q68102152,,Greek A2 Women's Water Polo League,GR,1
Q68935792,,Futsal-Bundesliga,DE,1
Q69523770,,Super 6,GB,1
Q6974048,,National League 2 South,GB,1
Q7058354,,Northern Football League,GB,1
Q71249357,,Liga Élite femenina de hockey línea de España,ES,1
Q7227418,,Pomoravlje-Timok Zone League,RS,1
Q7243417,,Primera División de Baloncesto,ES,1
Q739643,,Fédération internationale de football américain,FR,1
Q7438039,,Scottish Women's Football League Second Division,GB,1
Q7492794,,Sheffield and Hallamshire County Senior Football League,GB,1
Q7567061,,South Division One,GB,1
Q7643733,,Superliga 2 de Voleibol Masculina,ES,1
Q7646798,,Surrey Elite Intermediate Football League,GB,1
Q7783486,,Thessaly Football Clubs Association,GR,1
Q7920950,,Verbandsliga Hessen-Süd,DE,1
Q7939890,,Vojvodina League West,RS,1
Q7981872,,Welsh Championship,GB,1
Q8028427,,Witney and District League,GB,1
Q832896,,Fußball-NRW-Liga,DE,1
Q83950204,,LaLiga Genuine Santander,ES,1
Q8438,,Olympische Sommerspiele 1972,DE,1
Q8488,,1992 Summer Olympics,ES,1
Q8558,,2004 Summer Olympics,GR,1
Q85846053,,Gwent Central League,GB,1
Q893219,,Catalan basketball championship,ES,1
Q9062753,,Primera Regional de la Comunidad Valenciana,ES,1
Q9075593,,Second Category of Amateurs of the Community of Madrid,ES,1
Q9075661,,New Caledonia Second Level,FR,1
Q9075662,,Second Region of the Valencian Community,ES,1
Q928872,,championnat de France masculin de volley-ball,FR,1
Q96240387,,championnat de France de rugby à XV de Nationale,FR,1
Q9672,,XX Giochi olimpici invernali,IT,1
