bucketId,ticketEventId,hostQid,otherQids,leg,note
klassiker-away,,Q41420,Q15789,,"Host: the entry's venue, Signal Iduna Park, is Borussia Dortmund's ground on the map, exactly. The pair is the derbies.csv row whose rulesId is klassiker-away (Q15789 and Q41420); Bayern is also the entry's own clubs [fcb], linked to Q15789 in football-rules-links.csv. Leg not recorded: the entry does not say which meeting of the season it means."
poli-uta,,,Q4654417;Q680770,,"Both clubs are the entry's own clubs [poli, uta], linked in football-rules-links.csv; the derbies.csv row whose rulesId is poli-uta names the same two. Host not recorded: the entry names no venue and says there is no league fixture this season."
frankenderby,,Q15786,Q153539,second,"The pair is the derbies.csv row whose rulesId is frankenderby. Host: the entry's venue, Max-Morlock-Stadion, is 1. FC Nürnberg's ground on the map, exactly. Second leg: the entry's nextFixture is matchday 19 and its 'missed' cell says the first leg was at the Ronhof, which is SpVgg Greuther Fürth's ground (Sportpark Ronhof) on the map."
sudwest-derby,,Q105853,Q8466,second,"Both clubs are the entry's own clubs [ksc, fck], linked in football-rules-links.csv; the derbies.csv row whose rulesId is sudwest-derby names the same two. Host: the entry's venue, Wildparkstadion, is Karlsruher SC's ground on the map, exactly, and its ticketRoutes say homeEnd ksc. Second leg: nextFixture is matchday 19 and its 'missed' cell says the first leg has been played."
derby-madonnina,,Q1543,Q631,first,"The entry's fixtures list two legs, each with its own home club: milan (Q1543 in football-rules-links.csv) on the first, matchday 10, and inter (Q631) on the second, matchday 24. This row is the first. The derbies.csv row whose rulesId is derby-madonnina names the same two."
derby-madonnina,,Q631,Q1543,second,"The second leg of the entry's fixtures: home inter (Q631 in football-rules-links.csv), matchday 24."
revierderby,,,Q32494;Q41420,,"The pair is the derbies.csv row whose rulesId is revierderby. Host not recorded: the entry's venue names both grounds (Veltins-Arena / Signal Iduna Park)."
liga2-playoff,,,Q4654417,,"The entry's own clubs [poli], linked in football-rules-links.csv. Not a club-v-club entry: the play-off opponent and the host are not known."
vfb-regular,,,Q4512,,"The entry's own clubs [vfb], linked in football-rules-links.csv. No host written: the entry is about VfB's matches in general and names no ground."
eternal-derby-belgrade,,,Q173009;Q188656,,"The pair is the derbies.csv row whose rulesId is eternal-derby-belgrade. Host not recorded: the entry's venue is the city, Belgrade, not a ground."
derby-eternal-enemies,,,Q19628;Q4122219,,"The pair is the derbies.csv row whose rulesId is derby-eternal-enemies. Host not recorded: the entry's venue is the city, Athens."
fcsb-dinamo,,,Q179658;Q204237,,"The pair is the derbies.csv row whose rulesId is fcsb-dinamo. Host not recorded: the entry names no venue."
derby-du-nord,,,Q191843;Q19516,,"The pair is the derbies.csv row whose rulesId is derby-du-nord. Host not recorded: the entry names no venue."
klassiker-away,fcb-away-window-2026,,,,"The entry's blockedReason names this window: the 2026/27 away request window that closed 27 July 2026, the event's own date, for its club fcb. away-end-first is about away windows in general and is not linked; an event is linked to one entry."
el-final-2027,uefa-age-check,,,,"The event's club is uefa and the entry's ticketRoute is uefa, the only bucket entry with that route; the event's action names the Frankfurt final, the entry's venue."
el-final-2027,uefa-final-ballot-2027,,,,"The event's club is uefa and the entry's ticketRoute is uefa, the only bucket entry with that route. The ballot covers every UEFA final; the Europa League final is the only one on the bucket list."
vfb-regular,vfb-presale-active,,,,"Both are about the presale right three months after joining VfB's club: the entry's trigger says 'wait three months for presale rights', the event's title says the right activates three months after joining."
derby-madonnina,milan-derby-sale-nov,,,,"The event's club is milan and its derivation names the 1 Nov fixture, the entry's first leg (home milan)."
derby-madonnina,inter-derby-phase1,,,,"The event's club is inter and its action names the 14 Feb 2027 fixture, the entry's second leg (home inter)."
sudwest-derby,ksc-fck-sale,,,,"The event is the Karlsruhe v Kaiserslautern ticket release, club ksc; the entry is that fixture, clubs [ksc, fck]."
pokal-first-round,pokal-draw-2027,,,,"The event is the DFB-Pokal first-round draw and tells you to watch the amateur host's site after it; the entry is the first round at an amateur host, triggered by the June draw. The event is filed under club fcb; the entry names no club."
