clubQid,club,team,window,phase,buyers,eligibility,opensRelative,pastCycle,pastCycleFor,maxTickets,relevance,confidence,basis,ref,sourceRefs,source,checked,note
Q15786,1. FC Nürnberg,men,home-single-match,1,Members (Mitglieder),members,first; sales open only once the DFL sets the kickoff,Wolfsburg home game: 10.09 11:00,2026-27,,,confirmed,published,N-2;N-3,N3;N4,https://fcn.de/news/artikel/tickets-fuer-heimspiele-des-1-fcn-hier-laeuft-der-vorverkauf/;https://fcn.de/fileadmin/fcn/red/saison_26/Downloads/pdf/VVK_Heimspiel_Hinrunde_202627.pdf,2026-09-23,
Q15786,1. FC Nürnberg,men,home-single-match,2,Season-ticket holders and official fan clubs (DK-Inhaber/OFCN),season-ticket-and-fan-clubs,after the member phase,Wolfsburg home game: 16.09 10:00,2026-27,,,confirmed,published,N-2,N3;N4,https://fcn.de/news/artikel/tickets-fuer-heimspiele-des-1-fcn-hier-laeuft-der-vorverkauf/;https://fcn.de/fileadmin/fcn/red/saison_26/Downloads/pdf/VVK_Heimspiel_Hinrunde_202627.pdf,2026-09-23,
Q15786,1. FC Nürnberg,men,home-single-match,3,Free sale,free-sale,after the DK/OFCN phase,Wolfsburg home game: 17.09 10:00,2026-27,,,confirmed,published,N-2,N3;N4,https://fcn.de/news/artikel/tickets-fuer-heimspiele-des-1-fcn-hier-laeuft-der-vorverkauf/;https://fcn.de/fileadmin/fcn/red/saison_26/Downloads/pdf/VVK_Heimspiel_Hinrunde_202627.pdf,2026-09-23,
Q15786,1. FC Nürnberg,men,derby-home,1,Members (Mitglieder),members,the day the DFL schedules the match,"Opened 5 Nov 2025, the same day the DFL scheduled the December 2025 derby, about 32 days before kickoff",2025-26,,,confirmed,published,N-18,N14,https://fcn.de/news/artikel/derby-am-sonntag-rueckrundenauftakt-samstags/,2026-09-23,
Q15786,1. FC Nürnberg,men,derby-home,2,Season-ticket holders and official fan clubs (DK-Inhaber/OFCN),season-ticket-and-fan-clubs,after the member phase,,2025-26,,,confirmed,published,N-2;N-18,N3;N14,https://fcn.de/news/artikel/tickets-fuer-heimspiele-des-1-fcn-hier-laeuft-der-vorverkauf/;https://fcn.de/news/artikel/derby-am-sonntag-rueckrundenauftakt-samstags/,2026-09-23,"The phase exists because every home game has it (N-2). The PDF gives no date for it at the December 2025 derby, so pastCycle is blank rather than guessed."
Q15786,1. FC Nürnberg,men,derby-home,3,Free sale,free-sale,"after the DK/OFCN phase, if stock remains",,2025-26,,,confirmed,published,N-2;N-17,N3,https://fcn.de/news/artikel/tickets-fuer-heimspiele-des-1-fcn-hier-laeuft-der-vorverkauf/,2026-09-23,The phase exists on paper (N-2). Whether any December 2025 derby ticket actually reached it is UNVERIFIED (N-17) - see club-ticket-rules.csv.
Q15786,1. FC Nürnberg,men,rueckrunde-half-season-ticket,1,Members (Mitglieder),members,first,,2025-26,,,inferred,observed-past-cycle,N-20,N15;N14,https://fcn.de/news/artikel/ab-sofort-fuer-mitglieder-erhaeltlich-die-rueckrunden-dauerkarte/;https://fcn.de/news/artikel/derby-am-sonntag-rueckrundenauftakt-samstags/,2026-09-23,
Q15786,1. FC Nürnberg,men,rueckrunde-half-season-ticket,2,Season-ticket holders and official fan clubs (DK-Inhaber/OFCN),season-ticket-and-fan-clubs,after the member phase,,2025-26,,,inferred,observed-past-cycle,N-20,N15;N14,https://fcn.de/news/artikel/ab-sofort-fuer-mitglieder-erhaeltlich-die-rueckrunden-dauerkarte/;https://fcn.de/news/artikel/derby-am-sonntag-rueckrundenauftakt-samstags/,2026-09-23,
Q15786,1. FC Nürnberg,men,rueckrunde-half-season-ticket,3,Free sale,free-sale,after the DK/OFCN phase,,2025-26,,,inferred,observed-past-cycle,N-20,N15;N14,https://fcn.de/news/artikel/ab-sofort-fuer-mitglieder-erhaeltlich-die-rueckrunden-dauerkarte/;https://fcn.de/news/artikel/derby-am-sonntag-rueckrundenauftakt-samstags/,2026-09-23,
Q631,FC Internazionale Milano,men,derby-home,1,Second Tier Blue season-ticket holders only (their seats go to Milan fans for the derby),second-tier-blue-season-ticket,34 days before kickoff,"Mon 20 Oct 2025, 12:00 CET",2025-26,2,No,confirmed,published,sale-sequence-table,I2;I6,https://inter.it/en/news/tickets-inter-milan-derby-serie-a-2025-2026;https://inter.it/it/biglietti/abbonamenti,2026-09-23,"The PDF says every phase opened at 12:00 CET. Two things in the PDF sit against that and are left as printed: phase 7 opened at 10:00, and Italy was on summer time (CEST) until 26 Oct 2025, so 20-25 Oct was CEST. Most likely the club said 12:00 local time. THE PDF GIVES THIS TABLE NO STATUS TAG. It is marked confirmed here because the table is headed with the club's own sources, I2 (its 2025/26 derby sale announcement) and I6 - a judgement made when this row was written, not the PDF's own tag. Q-ids Q631 (Inter) and Q1543 (AC Milan) were first written from memory and VERIFIED 2026-09-24 on a GitHub runner: enwiki 'Inter Milan' resolves to Q631 and 'AC Milan' to Q1543, both typed association football club, P17 Italy, P115 Q133566 San Siro."
Q631,FC Internazionale Milano,men,derby-home,2,FULL season-ticket holders,full-season-ticket,the day after phase 1,"Tue 21 Oct 2025, 12:00 CET",2025-26,2,No,confirmed,published,sale-sequence-table,I2;I6,https://inter.it/en/news/tickets-inter-milan-derby-serie-a-2025-2026;https://inter.it/it/biglietti/abbonamenti,2026-09-23,"THE PDF GIVES THIS TABLE NO STATUS TAG. It is marked confirmed here because the table is headed with the club's own sources, I2 (its 2025/26 derby sale announcement) and I6 - a judgement made when this row was written, not the PDF's own tag. Q-ids Q631 (Inter) and Q1543 (AC Milan) were first written from memory and VERIFIED 2026-09-24 on a GitHub runner: enwiki 'Inter Milan' resolves to Q631 and 'AC Milan' to Q1543, both typed association football club, P17 Italy, P115 Q133566 San Siro."
Q631,FC Internazionale Milano,men,derby-home,3,PLUS season-ticket holders + Inter Club PLUS members,plus-season-ticket-and-inter-club-plus,the day after phase 2,"Wed 22 Oct 2025, 12:00 CET",2025-26,2,No,confirmed,published,sale-sequence-table,I2;I6,https://inter.it/en/news/tickets-inter-milan-derby-serie-a-2025-2026;https://inter.it/it/biglietti/abbonamenti,2026-09-23,"THE PDF GIVES THIS TABLE NO STATUS TAG. It is marked confirmed here because the table is headed with the club's own sources, I2 (its 2025/26 derby sale announcement) and I6 - a judgement made when this row was written, not the PDF's own tag. Q-ids Q631 (Inter) and Q1543 (AC Milan) were first written from memory and VERIFIED 2026-09-24 on a GitHub runner: enwiki 'Inter Milan' resolves to Q631 and 'AC Milan' to Q1543, both typed association football club, P17 Italy, P115 Q133566 San Siro."
Q631,FC Internazionale Milano,men,derby-home,4,BASE season-ticket holders + Inter Club BASE members,base-season-ticket-and-inter-club-base,the day after phase 3,"Thu 23 Oct 2025, 12:00 CET",2025-26,2,No,confirmed,published,sale-sequence-table,I2;I6,https://inter.it/en/news/tickets-inter-milan-derby-serie-a-2025-2026;https://inter.it/it/biglietti/abbonamenti,2026-09-23,"THE PDF GIVES THIS TABLE NO STATUS TAG. It is marked confirmed here because the table is headed with the club's own sources, I2 (its 2025/26 derby sale announcement) and I6 - a judgement made when this row was written, not the PDF's own tag. Q-ids Q631 (Inter) and Q1543 (AC Milan) were first written from memory and VERIFIED 2026-09-24 on a GitHub runner: enwiki 'Inter Milan' resolves to Q631 and 'AC Milan' to Q1543, both typed association football club, P17 Italy, P115 Q133566 San Siro."
Q631,FC Internazionale Milano,men,derby-home,5,"Anyone with a Siamo Noi card issued before the card cutoff, while stock lasts (up to 2 tickets for self and fellow fans)",siamo-noi-card,three days after the first presale opens; runs three days,Fri 24 - Sun 26 Oct 2025; card had to be issued before 16 Oct 2025,2025-26,2,YES: your phase,confirmed,published,sale-sequence-table;I-10;I-11,I2;I6,https://inter.it/en/news/tickets-inter-milan-derby-serie-a-2025-2026;https://inter.it/it/biglietti/abbonamenti,2026-09-23,"The PDF's relevance column marks this as Alexandru's phase, because he holds a Siamo Noi card. The card cutoff date is in pastCycle rather than in buyers, because buyers must not hold a date. THE PDF GIVES THIS TABLE NO STATUS TAG. It is marked confirmed here because the table is headed with the club's own sources, I2 (its 2025/26 derby sale announcement) and I6 - a judgement made when this row was written, not the PDF's own tag. Q-ids Q631 (Inter) and Q1543 (AC Milan) were first written from memory and VERIFIED 2026-09-24 on a GitHub runner: enwiki 'Inter Milan' resolves to Q631 and 'AC Milan' to Q1543, both typed association football club, P17 Italy, P115 Q133566 San Siro."
Q631,FC Internazionale Milano,men,derby-home,6,Anyone registered with INTERISTA,interista-registered,the day after the Siamo Noi phase ends,"Mon 27 Oct 2025, 12:00 CET",2025-26,2,Fallback,confirmed,published,sale-sequence-table,I2;I6,https://inter.it/en/news/tickets-inter-milan-derby-serie-a-2025-2026;https://inter.it/it/biglietti/abbonamenti,2026-09-23,"THE PDF GIVES THIS TABLE NO STATUS TAG. It is marked confirmed here because the table is headed with the club's own sources, I2 (its 2025/26 derby sale announcement) and I6 - a judgement made when this row was written, not the PDF's own tag. Q-ids Q631 (Inter) and Q1543 (AC Milan) were first written from memory and VERIFIED 2026-09-24 on a GitHub runner: enwiki 'Inter Milan' resolves to Q631 and 'AC Milan' to Q1543, both typed association football club, P17 Italy, P115 Q133566 San Siro."
Q631,FC Internazionale Milano,men,derby-home,7,BPER Mastercard holders,bper-mastercard,the day after the INTERISTA phase,"Tue 28 Oct 2025, 10:00-15:00",2025-26,2,Too late in practice,confirmed,published,sale-sequence-table,I2;I6,https://inter.it/en/news/tickets-inter-milan-derby-serie-a-2025-2026;https://inter.it/it/biglietti/abbonamenti,2026-09-23,"THE PDF PRINTS PHASES 7 AND 8 AS ONE TABLE ROW ('BPER Mastercard holders 10:00-15:00, open sale from 16:00'). They are split here because they are two buyer groups in order; the relevance cell is the PDF's single one, repeated. This phase opened at 10:00, which contradicts the PDF's own 'all phases opened 12:00 CET'. THE PDF GIVES THIS TABLE NO STATUS TAG. It is marked confirmed here because the table is headed with the club's own sources, I2 (its 2025/26 derby sale announcement) and I6 - a judgement made when this row was written, not the PDF's own tag. Q-ids Q631 (Inter) and Q1543 (AC Milan) were first written from memory and VERIFIED 2026-09-24 on a GitHub runner: enwiki 'Inter Milan' resolves to Q631 and 'AC Milan' to Q1543, both typed association football club, P17 Italy, P115 Q133566 San Siro."
Q631,FC Internazionale Milano,men,derby-home,8,Open sale,open-sale,"same day as phase 7, in the afternoon","Tue 28 Oct 2025, from 16:00",2025-26,2,Too late in practice,confirmed,published,sale-sequence-table,I2;I6,https://inter.it/en/news/tickets-inter-milan-derby-serie-a-2025-2026;https://inter.it/it/biglietti/abbonamenti,2026-09-23,"Split from phase 7 - see that row's note. CONTRADICTION INSIDE THE PDF: I-20 says the 2025/26 derby sold out before open sale, but its own price table heads the 2025/26 column 'free sale, sectors still available'. Both are kept; neither is picked. THE PDF GIVES THIS TABLE NO STATUS TAG. It is marked confirmed here because the table is headed with the club's own sources, I2 (its 2025/26 derby sale announcement) and I6 - a judgement made when this row was written, not the PDF's own tag. Q-ids Q631 (Inter) and Q1543 (AC Milan) were first written from memory and VERIFIED 2026-09-24 on a GitHub runner: enwiki 'Inter Milan' resolves to Q631 and 'AC Milan' to Q1543, both typed association football club, P17 Italy, P115 Q133566 San Siro."
Q105853,Karlsruher SC,men,home-single-match,1,KSC members (online; FanWelt and Fanshop am Rondellplatz the day after),members,"first, about three to five weeks before kickoff",Darmstadt home game: online 21.09.2026 12:00,2026-27,4,,confirmed,published,,K5;K6,https://www.ksc.de/ticketing/tages-dauerkarten/vorverkaufs-informationen;https://www.ksc.de/profis/saison/news/show/article/ksc-hdh-vorverkauf-ab-montag/,2026-10-06,
Q105853,Karlsruher SC,men,home-single-match,2,Season-ticket holders and members,season-ticket-and-members,three days after the members' start,Darmstadt home game: online 24.09.2026 12:00,2026-27,4,,confirmed,published,,K5;K6,https://www.ksc.de/ticketing/tages-dauerkarten/vorverkaufs-informationen;https://www.ksc.de/profis/saison/news/show/article/ksc-hdh-vorverkauf-ab-montag/,2026-10-06,Members can still buy in this phase.
Q105853,Karlsruher SC,men,home-single-match,3,Free sale (anyone with a KSC-ID),free-sale,about a week after the members' start,Darmstadt home game: 28.09.2026 12:00,2026-27,4,,confirmed,published,,K5;K6;K24,https://www.ksc.de/ticketing/tages-dauerkarten/vorverkaufs-informationen;https://www.ksc.de/profis/saison/news/show/article/ksc-hdh-vorverkauf-ab-montag/;https://www.wochenblatt-reporter.de/karlsruhe/c-sport/karlsruher-sc-startet-vorverkauf-fuer-erstes-heimspiel_a827783,2026-10-06,
Q105853,Karlsruher SC,men,derby-home,1,"KSC members (online; FanWelt and Fanshop am Rondellplatz the day after, against the membership card)",members,"first, about four weeks before kickoff",Online 22.09.2025 11:00; FanWelt 23.09.2025 11:00; Rondellplatz 23.09.2025 13:00,2025-26,4,,confirmed,published,,K7;K17,https://www.ksc.de/profis/saison/news/show/article/derby-vorverkauf-ab-montag/;https://www.baden24.de/sport/KSC/so-kommen-fans-des-karlsruher-sc-an-tickets-fuer-das-derby-gegen-den-fck-93941279.html,2026-10-06,Sold out a few hours after this phase opened (K8).
Q105853,Karlsruher SC,men,derby-home,2,Season-ticket holders and members,season-ticket-and-members,three days after the members' start,Online 25.09.2025 11:00; FanWelt and Rondellplatz 26.09.2025,2025-26,4,,confirmed,published,,K7;K17,https://www.ksc.de/profis/saison/news/show/article/derby-vorverkauf-ab-montag/;https://www.baden24.de/sport/KSC/so-kommen-fans-des-karlsruher-sc-an-tickets-fuer-das-derby-gegen-den-fck-93941279.html,2026-10-06,"Per KSC-ID, however many season tickets it holds. In 2025-26 the game was already sold out when this phase opened (K8)."
Q105853,Karlsruher SC,men,derby-home,3,Free sale,free-sale,not held: 'vorerst findet bis auf Weiteres kein freier Verkauf statt',,2025-26,,,confirmed,published,,K7;K9;K11;K18,https://www.ksc.de/profis/saison/news/show/article/derby-vorverkauf-ab-montag/;https://www.ksc.de/profis/saison/news/show/article/ticketinfos-zu-ksc-fck/;https://www.ksc.de/profis/saison/news/show/article/alle-ticketinfos-zum-lautern-derby/;https://www.heidelberg24.de/sport/fussball/news-fussball-derby-ksc-fck-tickets-karlsruhe-fans-zuschauer-verkauf-infos-92205346.html,2026-10-06,"THE PHASE THAT MATTERS TO A NON-MEMBER, AND IT DID NOT HAPPEN in 2022-23 (no free sale 'aus Sicherheitsgründen', K18), 2023-24 (K11), 2024-25 (K9) or 2025-26 (K7)."
Q105853,Karlsruher SC,men,derby-away,1,KSC members and season-ticket holders (online only),season-ticket-and-members,"first, two to three weeks before kickoff",31.07.2026 12:00,2026-27,2,,confirmed,published,,K26,https://www.wochenblatt-reporter.de/karlsruhe/c-sport/karlsruher-sc-startet-vorverkauf-fuer-auswaertsspiel_a836366,2026-10-06,Two per KSC-ID or membership number at Kaiserslautern in 2026-27; four in 2025-26 (K12) and 2024-25 (K19).
Q105853,Karlsruher SC,men,derby-away,2,Free sale of remaining tickets (online only),free-sale,"a few days after phase 1, only if tickets remain",03.08.2026 12:00,2026-27,,,confirmed,published,,K26;K12,https://www.wochenblatt-reporter.de/karlsruhe/c-sport/karlsruher-sc-startet-vorverkauf-fuer-auswaertsspiel_a836366;https://www.ksc.de/profis/saison/news/show/article/ticketinfos-zum-suedwest-derby/,2026-10-06,Whether any ticket reached this phase in 2026-27 is not stated. Online sale ended 12.08.2026 12:00.
