clubQid,club,team,scope,opponentQid,topic,season,rule,confidence,basis,ref,sourceRefs,source,checked,note
Q15786,1. FC Nürnberg,men,general,,sales-channel,,"Official channels are the FCN online ticket shop (ticket-onlineshop.com/ols/fcn), the ClubHaus at Josephsplatz 4, the ticket shop at Valznerweiherstr. 200, and the hotline 0911/940 79 888.",confirmed,published,N-1,N3,https://fcn.de/news/artikel/tickets-fuer-heimspiele-des-1-fcn-hier-laeuft-der-vorverkauf/,2026-09-23,
Q15786,1. FC Nürnberg,men,general,,membership,,Membership is not required to buy. It gives the earliest window and EUR 1 off each ticket. Adult membership (21+) costs EUR 60/year; ages 7-20 pay EUR 40/year.,confirmed,published,N-4,N5;N6,https://fcn.de/der-club/fans-mitgliedschaft/mitgliedschaft/beitraege/;https://fcn.de/tickets/,2026-09-23,
Q15786,1. FC Nürnberg,men,general,,presale-rights,,Whether a brand-new member gets presale rights immediately or after a waiting period is not stated anywhere the PDF's author found.,unverified,unknown,N-5,,,2026-09-23,"An open question, not a rule. The PDF cites no source for it because it is a gap: nothing was found either way."
Q15786,1. FC Nürnberg,men,general,,fees,,Fees: EUR 2 per online booking; EUR 2 per ticket for matchday purchases at the stadium.,confirmed,published,N-6,N7,https://fcn.de/tickets/heimspiele/;https://fcn.de/fileadmin/fcn/red/saison_26/Downloads/pdf/Preislisten_26-27.pdf,2026-09-23,
Q15786,1. FC Nürnberg,men,general,,update-tracking,,"The club runs a ticket newsletter that announces all presale starts, schedulings and ticket news. The per-game presale article on fcn.de ('Hier läuft der Vorverkauf') is updated for each home game.",confirmed,published,N-7,N3;N8,https://fcn.de/news/artikel/tickets-fuer-heimspiele-des-1-fcn-hier-laeuft-der-vorverkauf/;https://fcn.de/tickets/ticket-newsletter-anmeldung/anmeldung/,2026-09-23,This is what the updateTracking cell of club-tickets.csv rests on.
Q15786,1. FC Nürnberg,men,general,,queue,,The online shop sends buyers through a virtual queue (waiting room).,unverified,unknown,N-8,,,2026-09-23,"The PDF marks this UNVERIFIED and says it was observed on 23 Sep 2026 - one sighting by the PDF's author, not a club statement. No source code is given."
Q15786,1. FC Nürnberg,men,derby-home,Q153539,sector-separation,2025-26,"The derby has a DFB match classification that triggers full sector separation: no moving between Nordkurve, Gegengerade and other sectors, not even to the beer garden.",confirmed,published,N-9,N9,https://fcn.de/news/artikel/fuer-stadionbesucher-orga-hinweise-zum-275-frankenderby/,2026-09-23,"Read from the club's organisational notes for the December 2025 derby, so the season cell says 2025-26. Re-check for the 2026/27 home derby."
Q15786,1. FC Nürnberg,men,derby-home,Q153539,personalisation,2025-26,No personalised tickets or ID checks were found for Nürnberg home derbies.,confirmed,published,N-10,N9,https://fcn.de/news/artikel/fuer-stadionbesucher-orga-hinweise-zum-275-frankenderby/,2026-09-23,"THE ABSENCE IS THE FACT. Unlike Inter, where named tickets are the general rule, the Nürnberg home derby is recorded here as not personalised. The PDF's wording is 'were found', so this is what was looked for and not seen."
Q15786,1. FC Nürnberg,men,derby-home,Q153539,ticket-format,2025-26,Tickets are normal print@home or mobile-wallet tickets (no screenshots).,confirmed,published,N-10,N9,https://fcn.de/news/artikel/fuer-stadionbesucher-orga-hinweise-zum-275-frankenderby/,2026-09-23,
Q15786,1. FC Nürnberg,men,derby-away,Q153539,personalisation,,Personalisation (tickets only against ID) was found only at the Fürth-hosted leg.,confirmed,published,N-10,N10,https://nordbayern.de/sport/frankenderby-tickets-nur-gegen-ausweis-1.6510373,2026-09-23,"THE PDF'S OWN CAVEAT: the source is older and undated, so no season is written. The PDF tags N-10 as a whole VERIFIED; this part rests on one undated press article."
Q15786,1. FC Nürnberg,men,derby-home,Q153539,away-end,2024-25,The away end (blocks 25a-25d) is sold by Fürth only to Fürth season-ticket holders. Not accessible to outsiders.,confirmed,published,N-11,N11,https://sgf1903.de/news/profis/tickets-fuer-das-frankenderby,2026-09-23,"Source is Fürth's own site, 18 Feb 2025, for the March 2025 derby, hence 2024-25."
Q15786,1. FC Nürnberg,men,derby-home,Q153539,capacity,2024-25,"Capacity is below the nominal 50,000: about 47,300 in March 2025 (about 800 Südkurve seats covered since April 2023, about 2,000 held back by the club).",confirmed,published,N-12,N9;N12,https://fcn.de/news/artikel/fuer-stadionbesucher-orga-hinweise-zum-275-frankenderby/;https://nordbayern.de/sport/ticketinfos-zum-frankenderby-restkarten-zuschauerrekord-und-das-quasi-ausverkaufte-stadion-1.14611371,2026-09-23,"The map's club layer still says 50,000 for the Max-Morlock-Stadion. That figure is not changed here: a derby-day configuration is not the ground's capacity. The December 2025 attendance from the same PDF item is in club-ticket-demand.csv."
Q15786,1. FC Nürnberg,men,derby-home,Q153539,box-office,2025-26,The day-ticket office in the service centre was closed at the last home derby.,confirmed,published,N-13,N9,https://fcn.de/news/artikel/fuer-stadionbesucher-orga-hinweise-zum-275-frankenderby/,2026-09-23,
Q15786,1. FC Nürnberg,men,derby-home,Q153539,price-category,2026-27,"The derby is very likely price category A. The club labels Kaiserslautern A and Wolfsburg B, but no source names the derby's category.",inferred,observed-past-cycle,N-14,N3,https://fcn.de/news/artikel/tickets-fuer-heimspiele-des-1-fcn-hier-laeuft-der-vorverkauf/,2026-09-23,"BASIS IS FORCED BY THE MAPPING, AND IT FITS BADLY HERE. Every [INFERENCE] item maps to inferred/observed-past-cycle, but this one is reasoned from the club's labels for two other 2026-27 fixtures, not from a past derby. Read it as 'reasoned from a pattern', not 'seen last season'."
Q15786,1. FC Nürnberg,men,derby-home,Q153539,free-sale-reached,2025-26,Whether any tickets reached free sale in December 2025 is not confirmed.,unverified,unknown,N-17,,,2026-09-23,An open question. The December 2025 sell-out itself is confirmed and sits in club-ticket-demand.csv; this is only about which phase it happened in.
Q15786,1. FC Nürnberg,men,derby-home,Q153539,sales-mechanism,2025-26,No fixed cutoff and no ballot: phases run until stock is gone.,confirmed,published,N-18,N14,https://fcn.de/news/artikel/derby-am-sonntag-rueckrundenauftakt-samstags/,2026-09-23,"Stated in the PDF about the December 2025 derby. club-tickets.csv keeps cutoff at unknown for the club as a whole, because the PDF says this about the derby precedent rather than about every home game."
Q15786,1. FC Nürnberg,men,general,,resale-platform,,"Legal resale is only via the club's Ticketbörse, at face value. The club can electronically block resold tickets.",confirmed,published,N-21,N7;N16,https://fcn.de/tickets/heimspiele/;https://fcn.de/fileadmin/fcn/red/saison_26/Downloads/pdf/Preislisten_26-27.pdf;https://fcn.de/tickets/heimspiele/schwarzmarkttickets/,2026-09-23,
Q15786,1. FC Nürnberg,men,general,,resale-price-cap,,"The terms ban Kleinanzeigen, Facebook, viagogo, StubHub etc. and cap private handovers at face value +10%.",confirmed,published,N-21,N7;N16,https://fcn.de/tickets/heimspiele/;https://fcn.de/fileadmin/fcn/red/saison_26/Downloads/pdf/Preislisten_26-27.pdf;https://fcn.de/tickets/heimspiele/schwarzmarkttickets/,2026-09-23,"Two caps, not one: the club's own Ticketbörse sells at face value; a private handover may go up to face value +10%. A single 'resale-observed' price row could not have carried either."
Q15786,1. FC Nürnberg,men,derby-home,Q153539,resale-prices,,No credible data on actual secondary-market prices for this derby.,unverified,unknown,N-22,,,2026-09-23,"A gap, so club-ticket-prices.csv has no resale-observed row for this fixture."
Q631,FC Internazionale Milano,men,general,,sales-channel,,The only authorised sales channel is inter.it/tickets (online).,confirmed,published,I-1,I2;I4,https://inter.it/en/news/tickets-inter-milan-derby-serie-a-2025-2026;https://inter.it/en/news/tickets-inter-monza-inter-napoli-serie-a-26-27,2026-09-23,"Q-ids Q631 (Inter) and Q1543 (AC Milan) were first written from memory and VERIFIED 2026-09-24 on a GitHub runner: enwiki 'Inter Milan' resolves to Q631 and 'AC Milan' to Q1543, both typed association football club, P17 Italy, P115 Q133566 San Siro."
Q631,FC Internazionale Milano,men,general,,access,,Normal matches: general sale open to anyone with an inter.it account.,confirmed,published,I-2,I3;I4,https://inter.it/en/faq;https://inter.it/en/news/tickets-inter-monza-inter-napoli-serie-a-26-27,2026-09-23,"Q-ids Q631 (Inter) and Q1543 (AC Milan) were first written from memory and VERIFIED 2026-09-24 on a GitHub runner: enwiki 'Inter Milan' resolves to Q631 and 'AC Milan' to Q1543, both typed association football club, P17 Italy, P115 Q133566 San Siro."
Q631,FC Internazionale Milano,men,general,,ticket-types,,Ticket types: BASE (paid transfer) or PLUS (one transfer included).,confirmed,published,I-2,I3;I4,https://inter.it/en/faq;https://inter.it/en/news/tickets-inter-monza-inter-napoli-serie-a-26-27,2026-09-23,"Q-ids Q631 (Inter) and Q1543 (AC Milan) were first written from memory and VERIFIED 2026-09-24 on a GitHub runner: enwiki 'Inter Milan' resolves to Q631 and 'AC Milan' to Q1543, both typed association football club, P17 Italy, P115 Q133566 San Siro."
Q631,FC Internazionale Milano,men,general,,transfer,,"Transfers allowed once, from 24 h before kickoff, via inter.it/cessione.",confirmed,published,I-2,I3;I4,https://inter.it/en/faq;https://inter.it/en/news/tickets-inter-monza-inter-napoli-serie-a-26-27,2026-09-23,"The derby overrides this - see the derby-home transfer row (I-16). Q-ids Q631 (Inter) and Q1543 (AC Milan) were first written from memory and VERIFIED 2026-09-24 on a GitHub runner: enwiki 'Inter Milan' resolves to Q631 and 'AC Milan' to Q1543, both typed association football club, P17 Italy, P115 Q133566 San Siro."
Q631,FC Internazionale Milano,men,general,,update-tracking,,"The 'Avvisami quando in vendita' button on each match page emails you when that match goes on sale. It may not alert for every individual phase, so also watch the 'Tickets and stadium' news section on inter.it.",confirmed,published,I-3,I3,https://inter.it/en/faq,2026-09-23,"This is what the updateTracking cell of club-tickets.csv rests on. The PDF's own caveat - the button may not alert per phase - is why both tokens are there. Q-ids Q631 (Inter) and Q1543 (AC Milan) were first written from memory and VERIFIED 2026-09-24 on a GitHub runner: enwiki 'Inter Milan' resolves to Q631 and 'AC Milan' to Q1543, both typed association football club, P17 Italy, P115 Q133566 San Siro."
Q631,FC Internazionale Milano,men,general,,fidelity-card,,"Siamo Noi card (Inter's fidelity card): EUR 15, valid 6 years, bought online at tdt.inter.it. The card number and a temporary QR code arrive by email immediately; the physical card ships in about 30 days (shipping fee outside Italy).",confirmed,published,I-4,I3;I5,https://inter.it/en/faq;https://inter.it/en/tessera_siamo_noi,2026-09-23,"I5 is an older cached version of the card page, per the PDF. Q-ids Q631 (Inter) and Q1543 (AC Milan) were first written from memory and VERIFIED 2026-09-24 on a GitHub runner: enwiki 'Inter Milan' resolves to Q631 and 'AC Milan' to Q1543, both typed association football club, P17 Italy, P115 Q133566 San Siro."
Q631,FC Internazionale Milano,men,derby-home,Q1543,presale-eligibility,2025-26,INTERISTA is the club's free loyalty programme. Early derby phases require INTERISTA registration and the card linked to the buyer's inter.it profile.,confirmed,published,I-5,I2;I6,https://inter.it/en/news/tickets-inter-milan-derby-serie-a-2025-2026;https://inter.it/it/biglietti/abbonamenti,2026-09-23,"Q-ids Q631 (Inter) and Q1543 (AC Milan) were first written from memory and VERIFIED 2026-09-24 on a GitHub runner: enwiki 'Inter Milan' resolves to Q631 and 'AC Milan' to Q1543, both typed association football club, P17 Italy, P115 Q133566 San Siro."
Q631,FC Internazionale Milano,men,derby-home,Q1543,residency-limits,2025-26,Inter's 2025/26 home-derby announcement contains no residency limit or card requirement for open sale.,confirmed,published,I-7,I2,https://inter.it/en/news/tickets-inter-milan-derby-serie-a-2025-2026,2026-09-23,"The club half of the I-7 row. Its first sentence - that residency or sales limits for high-risk matches are set by the Osservatorio Nazionale and the local Questura/Prefettura - moved to country-ticket-rules.csv on 2026-09-24, because it is a national rule; I8, cited for that sentence, went with it. Q-ids Q631 (Inter) and Q1543 (AC Milan) were first written from memory and VERIFIED 2026-09-24 on a GitHub runner: enwiki 'Inter Milan' resolves to Q631 and 'AC Milan' to Q1543, both typed association football club, P17 Italy, P115 Q133566 San Siro."
Q631,FC Internazionale Milano,men,general,,fidelity-card-foreign,,Whether a non-Italian can get a Siamo Noi card without an Italian tax code (codice fiscale) is not confirmed (signup site blocks automated access).,unverified,unknown,I-8,I8;I9,https://ilpost.it/2022/10/22/tessera-del-tifoso-ordine-stadi/;https://archivio.sscnapoli.it/client/render.aspx?content=1&root;=3448,2026-09-23,"The PDF adds that this is moot for Alexandru because he already holds a card. I9's URL is marked suspect in ticket-sources.csv. Q-ids Q631 (Inter) and Q1543 (AC Milan) were first written from memory and VERIFIED 2026-09-24 on a GitHub runner: enwiki 'Inter Milan' resolves to Q631 and 'AC Milan' to Q1543, both typed association football club, P17 Italy, P115 Q133566 San Siro."
Q631,FC Internazionale Milano,men,derby-home,Q1543,card-cutoff,2025-26,Last season the card had to be issued about a week before its phase opened. Keep the card valid.,confirmed,published,I-10,I2,https://inter.it/en/news/tickets-inter-milan-derby-serie-a-2025-2026,2026-09-23,"The 2025-26 cutoff date itself is in club-ticket-phases.csv, phase 5. Q-ids Q631 (Inter) and Q1543 (AC Milan) were first written from memory and VERIFIED 2026-09-24 on a GitHub runner: enwiki 'Inter Milan' resolves to Q631 and 'AC Milan' to Q1543, both typed association football club, P17 Italy, P115 Q133566 San Siro."
Q631,FC Internazionale Milano,men,derby-home,Q1543,purchase-limit,2025-26,In the Siamo Noi phase each card holder could buy up to 2 tickets 'for themselves and fellow Inter fans'. Put each attendee's own details on their ticket; tickets are named and ID is checked at entry. Re-check the cap when the 2026/27 rules are published.,confirmed,published,I-11,I2,https://inter.it/en/news/tickets-inter-milan-derby-serie-a-2025-2026,2026-09-23,"The PDF's reading: one account can cover Alexandru and his father. Q-ids Q631 (Inter) and Q1543 (AC Milan) were first written from memory and VERIFIED 2026-09-24 on a GitHub runner: enwiki 'Inter Milan' resolves to Q631 and 'AC Milan' to Q1543, both typed association football club, P17 Italy, P115 Q133566 San Siro."
Q631,FC Internazionale Milano,men,derby-home,Q1543,second-ticket-card,2025-26,Whether the second ticket must carry its own Siamo Noi number is not stated either way. Entering your own card number on your ticket (if the checkout offers it) removes the risk.,unverified,unknown,I-12,I2,https://inter.it/en/news/tickets-inter-milan-derby-serie-a-2025-2026,2026-09-23,"Q-ids Q631 (Inter) and Q1543 (AC Milan) were first written from memory and VERIFIED 2026-09-24 on a GitHub runner: enwiki 'Inter Milan' resolves to Q631 and 'AC Milan' to Q1543, both typed association football club, P17 Italy, P115 Q133566 San Siro."
Q631,FC Internazionale Milano,men,general,,minors,,An inter.it profile can link cards the account holder owns plus cards of minors they are responsible for. An adult links only their own card.,confirmed,published,I-13,I3,https://inter.it/en/faq,2026-09-23,"This is what minorEligibility via-guardian-account rests on. Whether a minor can hold their own inter.it account and buy is not stated. Q-ids Q631 (Inter) and Q1543 (AC Milan) were first written from memory and VERIFIED 2026-09-24 on a GitHub runner: enwiki 'Inter Milan' resolves to Q631 and 'AC Milan' to Q1543, both typed association football club, P17 Italy, P115 Q133566 San Siro."
Q631,FC Internazionale Milano,men,derby-home,Q1543,away-end,2025-26,Second Tier Blue: the whole sector goes to Milan fans at Inter's home derby; sold by AC Milan (EUR 49 last season).,confirmed,published,I-14,I2;I4,https://inter.it/en/news/tickets-inter-milan-derby-serie-a-2025-2026;https://inter.it/en/news/tickets-inter-monza-inter-napoli-serie-a-26-27,2026-09-23,"The EUR 49 is AC Milan's price for its own fans in Inter's ground, so it is not an Inter price row in club-ticket-prices.csv. Q-ids Q631 (Inter) and Q1543 (AC Milan) were first written from memory and VERIFIED 2026-09-24 on a GitHub runner: enwiki 'Inter Milan' resolves to Q631 and 'AC Milan' to Q1543, both typed association football club, P17 Italy, P115 Q133566 San Siro."
Q631,FC Internazionale Milano,men,general,,sector-rules,,"Second Tier Green (Curva Nord): tickets can never be transferred, even for a fee. From 2026/27 it has a mandatory exclusive entrance (Entrance 2).",confirmed,published,I-15,I3;I10,https://inter.it/en/faq;https://inter.it/en/news/entrances-san-siro-how-to-arrive-26-27,2026-09-23,"Q-ids Q631 (Inter) and Q1543 (AC Milan) were first written from memory and VERIFIED 2026-09-24 on a GitHub runner: enwiki 'Inter Milan' resolves to Q631 and 'AC Milan' to Q1543, both typed association football club, P17 Italy, P115 Q133566 San Siro."
Q631,FC Internazionale Milano,men,derby-home,Q1543,transfer,2025-26,Derby: season-ticket holders cannot transfer their seat to another person; single PLUS tickets could change user once from 48 h before kickoff (last season).,confirmed,published,I-16,I2,https://inter.it/en/news/tickets-inter-milan-derby-serie-a-2025-2026,2026-09-23,"Overrides the general transfer row (24 h, once) for the derby. Q-ids Q631 (Inter) and Q1543 (AC Milan) were first written from memory and VERIFIED 2026-09-24 on a GitHub runner: enwiki 'Inter Milan' resolves to Q631 and 'AC Milan' to Q1543, both typed association football club, P17 Italy, P115 Q133566 San Siro."
Q631,FC Internazionale Milano,men,derby-away,Q1543,away-allocation,2025-26,"Away leg (Milan home): Inter's allocation in Second Tier Green was loaded onto Siamo Noi cards, one ticket per holder for themselves, ID required, no user change. Two people = two accounts.",confirmed,published,I-17,I11,https://inter.it/it/notizie/biglietti-derby-settore-ospiti-inter-2026;https://fcinter1908.it,2026-09-23,"Source dated Feb 2026, so the 2025-26 away leg. The next away leg is Milan's home game on 1 Nov 2026 (per the PDF's fixture table); the PDF has no sale dates for it. Q-ids Q631 (Inter) and Q1543 (AC Milan) were first written from memory and VERIFIED 2026-09-24 on a GitHub runner: enwiki 'Inter Milan' resolves to Q631 and 'AC Milan' to Q1543, both typed association football club, P17 Italy, P115 Q133566 San Siro."
Q631,FC Internazionale Milano,men,derby-home,Q1543,price-list,,No official derby price list has been published for 2025/26 or 2026/27. Prices come from fan/press sites.,unverified,unknown,I-18,,,2026-09-23,"Why every Inter row in club-ticket-prices.csv is confidence unverified. Q-ids Q631 (Inter) and Q1543 (AC Milan) were first written from memory and VERIFIED 2026-09-24 on a GitHub runner: enwiki 'Inter Milan' resolves to Q631 and 'AC Milan' to Q1543, both typed association football club, P17 Italy, P115 Q133566 San Siro."
Q631,FC Internazionale Milano,men,general,,resale-platform,,Official resale: season-ticket holders can list seats for the four big matches (Milan included). Anyone can buy at the current sale price. Opens no later than 72 h before kickoff.,confirmed,published,I-21,I3;I6,https://inter.it/en/faq;https://inter.it/it/biglietti/abbonamenti,2026-09-23,"The timing is also a row in club-ticket-windows.csv (season-ticket-resale). The PDF calls this the late-stage route. Q-ids Q631 (Inter) and Q1543 (AC Milan) were first written from memory and VERIFIED 2026-09-24 on a GitHub runner: enwiki 'Inter Milan' resolves to Q631 and 'AC Milan' to Q1543, both typed association football club, P17 Italy, P115 Q133566 San Siro."
Q631,FC Internazionale Milano,men,general,,unofficial-resale,,"Inter supplies no resale platforms and names inter.it as the only authorised channel. Because tickets are named and derby season-ticket transfers are banned, a viagogo ticket may carry someone else's name with no legal fix.",confirmed,published,I-22,I2;I4,https://inter.it/en/news/tickets-inter-milan-derby-serie-a-2025-2026;https://inter.it/en/news/tickets-inter-monza-inter-napoli-serie-a-26-27,2026-09-23,"Q-ids Q631 (Inter) and Q1543 (AC Milan) were first written from memory and VERIFIED 2026-09-24 on a GitHub runner: enwiki 'Inter Milan' resolves to Q631 and 'AC Milan' to Q1543, both typed association football club, P17 Italy, P115 Q133566 San Siro."
Q631,FC Internazionale Milano,men,derby-home,Q1543,resale-prices,,No credible data on unofficial resale prices. Some ticket guides carry viagogo affiliate links.,unverified,unknown,I-23,I16,https://calciomercato.com/liste/…/blte955c1dd0c30d4ce,2026-09-23,"Q-ids Q631 (Inter) and Q1543 (AC Milan) were first written from memory and VERIFIED 2026-09-24 on a GitHub runner: enwiki 'Inter Milan' resolves to Q631 and 'AC Milan' to Q1543, both typed association football club, P17 Italy, P115 Q133566 San Siro."
Q631,FC Internazionale Milano,men,general,,entrances,2026-27,San Siro entrances changed for 2026/27 due to new-stadium construction (entrances 7-10 closed). No stated capacity cut.,confirmed,published,I-24,I10,https://inter.it/en/news/entrances-san-siro-how-to-arrive-26-27,2026-09-23,"Q-ids Q631 (Inter) and Q1543 (AC Milan) were first written from memory and VERIFIED 2026-09-24 on a GitHub runner: enwiki 'Inter Milan' resolves to Q631 and 'AC Milan' to Q1543, both typed association football club, P17 Italy, P115 Q133566 San Siro."
Q631,FC Internazionale Milano,men,derby-home,Q1543,source-caveat,2024-25,"goal.com dates the 2024/25 sale opening to 29 Sep 2024, after that match was played. Cross-check goal.com dates.",confirmed,published,I-25,I15,https://goal.com/it/liste/…/blt0d82bbc5e7a9c9e7,2026-09-23,"A warning about a source, recorded because two Inter rows rest on goal.com (I12, I15). Q-ids Q631 (Inter) and Q1543 (AC Milan) were first written from memory and VERIFIED 2026-09-24 on a GitHub runner: enwiki 'Inter Milan' resolves to Q631 and 'AC Milan' to Q1543, both typed association football club, P17 Italy, P115 Q133566 San Siro."
Q105853,Karlsruher SC,men,general,,sales-channel,,"Tickets are sold in the online ticket shop (ksc.de/tickets, tickets.ksc.de), from the day after the online start also in the FanWelt at the BBBank Wildpark and the Fanshop am Rondellplatz, and on matchday at the stadium box offices when tickets remain. Buying online needs a KSC-ID, a free registration with name, e-mail, address and date of birth; one e-mail address per KSC-ID.",confirmed,published,,K1;K5;K6;K27,https://www.ksc.de/ticketing/tages-dauerkarten/tageskarten;https://www.ksc.de/ticketing/tages-dauerkarten/vorverkaufs-informationen;https://www.ksc.de/profis/saison/news/show/article/ksc-hdh-vorverkauf-ab-montag/;https://www.wochenblatt-reporter.de/karlsruhe/c-sport/ksc-heimspiel-gegen-cottbus-hinweise-fuer-fans_a879503,2026-10-06,
Q105853,Karlsruher SC,men,general,,membership,,"Membership is not required for an ordinary home game, which reaches free sale. A passive adult membership (Klassik, 18+) costs EUR 75 a year from 1 Jul 2026 (EUR 70 reduced, EUR 90 Premium); 7-17 year-olds pay EUR 40; 0-6 year-olds are free but get no presale right. Membership starts once the application is processed and confirmed by e-mail, which currently takes up to 30 working days; the member's KSC-ID is then unlocked for members' presales.",confirmed,published,,K16,https://mitgliedschaft-ksc.de/,2026-10-06,"ONE SOURCE, the club's own membership page; no second source for the fee was found. The club plans EUR 90 for every adult from July 2027 (EUR 80 with Supporters Karlsruhe membership). For the derby a membership is the practical route in (see free-sale-reached): two people need two memberships, since a KSC-ID carries one presale right. The processing time matters: an application made only when the sale is announced may not be processed in time."
Q105853,Karlsruher SC,men,general,,presale-rights,,One presale right per KSC-ID: buying several season tickets on one KSC-ID still gives one right. Children's (0-6) and corporate memberships carry none.,confirmed,published,,K25;K16;K9,https://www.wochenblatt-reporter.de/karlsruhe/c-sport/ksc-startet-am-17-juni-den-dauerkartenverkauf-fuer-202627_a785929;https://mitgliedschaft-ksc.de/;https://www.ksc.de/profis/saison/news/show/article/ticketinfos-zu-ksc-fck/,2026-10-06,K9 says the same of season-ticket holders in 2024-25: up to four tickets per KSC-ID 'unabhängig von der Anzahl der Dauerkarten'.
Q105853,Karlsruher SC,men,general,,purchase-limit,,"Up to four tickets per KSC-ID or membership number for a home game, in every phase.",confirmed,published,,K5;K6;K7;K17,https://www.ksc.de/ticketing/tages-dauerkarten/vorverkaufs-informationen;https://www.ksc.de/profis/saison/news/show/article/ksc-hdh-vorverkauf-ab-montag/;https://www.ksc.de/profis/saison/news/show/article/derby-vorverkauf-ab-montag/;https://www.baden24.de/sport/KSC/so-kommen-fans-des-karlsruher-sc-an-tickets-fuer-das-derby-gegen-den-fck-93941279.html,2026-10-06,"The same limit in every 2026-27 sale listed on K5, and in each home derby read (2022-23 K18, 2023-24 K11, 2024-25 K9, 2025-26 K7)."
Q105853,Karlsruher SC,men,general,,fees,,A matchday box-office surcharge of EUR 2.00 per day ticket; it does not apply when buying in the online shop. Away tickets from KSC's allocation carry a EUR 1.00 presale fee per ticket on top of the price.,confirmed,published,,K1,https://www.ksc.de/ticketing/tages-dauerkarten/tageskarten,2026-10-06,ONE SOURCE. Whether the online shop adds any booking or system fee to a home ticket is not stated anywhere read - so club-ticket-prices.csv says priceBasis unknown.
Q105853,Karlsruher SC,men,general,,ticket-format,,"Home tickets bought online come only as a combined mobile ticket (.pkpass, in the KSC app or a wallet app) and print@home PDF. The ticket includes travel on the KVV network.",confirmed,published,,K1;K27,https://www.ksc.de/ticketing/tages-dauerkarten/tageskarten;https://www.wochenblatt-reporter.de/karlsruhe/c-sport/ksc-heimspiel-gegen-cottbus-hinweise-fuer-fans_a879503,2026-10-06,
Q105853,Karlsruher SC,men,general,,personalisation,,"Day tickets can optionally carry a first and last name, entered before the booking is completed and not changeable afterwards. Personalisation is currently not needed to enter the stadium; it must be correct for using the ticket on public transport. The ticket terms require carrying an official photo ID and showing it on request.",confirmed,published,,K1;K13,https://www.ksc.de/ticketing/tages-dauerkarten/tageskarten;https://www.ksc.de/ticketing/tages-dauerkarten/dauerkarten/atgb,2026-10-06,ID on request is ATGB clause 2.6. Season tickets are always personalised (ATGB 4.1).
Q105853,Karlsruher SC,men,general,,price-list,2026-27,"Two day-ticket price lists, category A and category B; which applies to a match is announced with that match's sale. Season tickets are priced on category B.",confirmed,published,,K1;K2;K4;K20,https://www.ksc.de/ticketing/tages-dauerkarten/tageskarten;https://www.ksc.de/fileadmin/Ticketing/Preislisten_Tageskarten_26-27_KAT-A.pdf;https://www.ksc.de/ticketing/tages-dauerkarten/dauerkarten/;https://www.ka-news.de/ksc/karlsruher-sc-ticketpreise-2025-26-steigen-was-kosten-ksc-dauerkarte-und-tageskarten-22-12-25-109173986,2026-10-06,ka-news (K20): category A is for top games. The figures are in club-ticket-prices.csv.
Q105853,Karlsruher SC,men,general,,resale-platform,,"The club's own Ticketzweitmarkt is the only legal platform for reselling and buying KSC home tickets. Day tickets can be listed once the game is sold out, or about 24 hours before kickoff; season tickets from the start of each sale. The seller pays no fee and is refunded the ticket price (1/17 of a season ticket). Sales end at half-time.",confirmed,published,,K14;K1;K7,https://www.ksc.de/ticketing/tages-dauerkarten/ticketzweitmarkt;https://www.ksc.de/ticketing/tages-dauerkarten/tageskarten;https://www.ksc.de/profis/saison/news/show/article/derby-vorverkauf-ab-montag/,2026-10-06,"Who may BUY on it - whether a non-member with a KSC-ID can - is not stated in so many words; the club points every fan to it for sold-out games (K8, K10)."
Q105853,Karlsruher SC,men,general,,resale-price-cap,,"The ticket terms forbid offering tickets on unauthorised platforms (named: viagogo, StubHub, Ticketbande, Gigsberg, eBay, eBay Kleinanzeigen, Facebook, seatwave) even without profit, and passing a ticket on above the original price; a mark-up of up to 15% for transaction costs is allowed. Tickets offered on unauthorised platforms can be cancelled without compensation.",confirmed,published,,K13;K15;K11;K34,https://www.ksc.de/ticketing/tages-dauerkarten/dauerkarten/atgb;https://www.ksc.de/ticketing/informationen/schwarzmarkt;https://www.ksc.de/profis/saison/news/show/article/alle-ticketinfos-zum-lautern-derby/;https://recht24-7.de/en/ksc-gegen-viagogo-gericht-verbietet-ticket-wucher-fans-atmen-auf/,2026-10-06,"ATGB 10.2. A private handover (illness, being prevented) is allowed under ATGB 10.3 through the Zweitmarkt or with the club told who the new holder is. The Landgericht Mannheim prohibited viagogo from selling unauthorised KSC tickets (K34, a legal blog's account, Jan 2026)."
Q105853,Karlsruher SC,men,general,,update-tracking,,The club publishes a 'Ticketinfos' article for each match and keeps a running Vorverkaufs-Informationen list of the next sales on ksc.de.,confirmed,published,,K5;K6,https://www.ksc.de/ticketing/tages-dauerkarten/vorverkaufs-informationen;https://www.ksc.de/profis/saison/news/show/article/ksc-hdh-vorverkauf-ab-montag/,2026-10-06,This is what the updateTracking cell of club-tickets.csv rests on. No notify button was found.
Q105853,Karlsruher SC,men,general,,minors,,"Children up to six enter free with no seat of their own. A child ticket can only be bought together with at least one adult ticket, and a child holding one is admitted only with an adult (18+) holding a valid ticket; the child's age must be provable with an official ID. Under-18s pay the reduced rate. 7-17 year-olds can be members (EUR 40 a year) with a presale right, and parents can apply for standing season tickets for children who are members, using the child's KSC-ID.",confirmed,published,,K13;K1;K16;K4,https://www.ksc.de/ticketing/tages-dauerkarten/dauerkarten/atgb;https://www.ksc.de/ticketing/tages-dauerkarten/tageskarten;https://mitgliedschaft-ksc.de/;https://www.ksc.de/ticketing/tages-dauerkarten/dauerkarten/,2026-10-06,"WHAT IS NOT STATED: whether someone under 18 may hold a KSC-ID and buy tickets in their own name. The ATGB read hold two wordings of the age bands (see K13's note): children's tickets up to 14 in one, every under-18 reduced in both."
Q105853,Karlsruher SC,men,general,,away-allocation,,"KSC divides the tickets it receives for away games: 40% to the supporters' umbrella body Supporters Karlsruhe 1986 e.V., 20% to the official fan clubs, 40% to the club's shop, which sells them to members and season-ticket holders first and then, if any remain, in free sale.",confirmed,published,,K1,https://www.ksc.de/ticketing/tages-dauerkarten/tageskarten,2026-10-06,"ONE SOURCE (the club). The phases are in club-ticket-phases.csv, window away-single-match."
Q105853,Karlsruher SC,men,general,,away-end,,The guest area at the BBBank Wildpark is block NO (standing) and block N4 (seated). Its tickets are sold only by the visiting club.,confirmed,published,,K1;K7;K9,https://www.ksc.de/ticketing/tages-dauerkarten/tageskarten;https://www.ksc.de/profis/saison/news/show/article/derby-vorverkauf-ab-montag/;https://www.ksc.de/profis/saison/news/show/article/ticketinfos-zu-ksc-fck/,2026-10-06,
Q105853,Karlsruher SC,men,derby-home,Q8466,price-category,2024-25,The home derby was a category A game.,confirmed,published,,K9,https://www.ksc.de/profis/saison/news/show/article/ticketinfos-zu-ksc-fck/,2026-10-06,
Q105853,Karlsruher SC,men,derby-home,Q8466,price-category,2025-26,The home derby was a category A game.,confirmed,published,,K7;K17,https://www.ksc.de/profis/saison/news/show/article/derby-vorverkauf-ab-montag/;https://www.baden24.de/sport/KSC/so-kommen-fans-des-karlsruher-sc-an-tickets-fuer-das-derby-gegen-den-fck-93941279.html,2026-10-06,
Q105853,Karlsruher SC,men,derby-home,Q8466,price-category,2026-27,"The 2026-27 home derby is very likely category A, as in 2024-25 and 2025-26; the club names a match's category only with its sale.",inferred,observed-past-cycle,,K7;K9;K2,https://www.ksc.de/profis/saison/news/show/article/derby-vorverkauf-ab-montag/;https://www.ksc.de/profis/saison/news/show/article/ticketinfos-zu-ksc-fck/;https://www.ksc.de/fileadmin/Ticketing/Preislisten_Tageskarten_26-27_KAT-A.pdf,2026-10-06,Reasoned from the two previous home derbies; no 2026-27 source names it.
Q105853,Karlsruher SC,men,derby-home,Q8466,free-sale-reached,2025-26,"No free sale was held for the home derby: 'Vorerst findet bis auf Weiteres kein freier Verkauf statt.' The game sold out a few hours into the members' presale. The club gave the same 'no free sale for now' notice for the 2023-24 and 2024-25 home derbies, and for 2022-23 said it would hold no free sale for security reasons.",confirmed,published,,K7;K8;K9;K11;K18,https://www.ksc.de/profis/saison/news/show/article/derby-vorverkauf-ab-montag/;https://www.ksc.de/profis/saison/spielberichte/show/article/default-7e1ffba8403b4123eca0f03d80e04740/;https://www.ksc.de/profis/saison/news/show/article/ticketinfos-zu-ksc-fck/;https://www.ksc.de/profis/saison/news/show/article/alle-ticketinfos-zum-lautern-derby/;https://www.heidelberg24.de/sport/fussball/news-fussball-derby-ksc-fck-tickets-karlsruhe-fans-zuschauer-verkauf-infos-92205346.html,2026-10-06,FOR A NON-MEMBER THIS IS THE DECISIVE FACT. Four home derbies in a row with no free sale; three of them shown sold out (club-ticket-demand.csv).
Q105853,Karlsruher SC,men,derby-home,Q8466,access,2026-27,"For a non-member the realistic routes into the home derby are: a membership taken out well before the sale (one per person, since a KSC-ID carries one presale right); a season ticket; or the club's Ticketzweitmarkt once the game is sold out, where nothing is guaranteed.",inferred,observed-past-cycle,,K7;K8;K14;K16;K25,https://www.ksc.de/profis/saison/news/show/article/derby-vorverkauf-ab-montag/;https://www.ksc.de/profis/saison/spielberichte/show/article/default-7e1ffba8403b4123eca0f03d80e04740/;https://www.ksc.de/ticketing/tages-dauerkarten/ticketzweitmarkt;https://mitgliedschaft-ksc.de/;https://www.wochenblatt-reporter.de/karlsruhe/c-sport/ksc-startet-am-17-juni-den-dauerkartenverkauf-fuer-202627_a785929,2026-10-06,"A SYNTHESIS, not a club statement: it follows from no free sale in four seasons, the presale rules and the Zweitmarkt rules. A free sale for 2026-27 is not ruled out by anything read - the club says 'for now' each time."
Q105853,Karlsruher SC,men,derby-home,Q8466,away-end,2025-26,"The guest blocks NO (standing) and N4 (seated) are sold only by 1. FC Kaiserslautern. Away fans wearing the visitors' colours or carrying their fan items are turned away at the home areas (east, south, north, west) even with a valid ticket, and have no claim to a refund.",confirmed,published,,K7;K9;K11;K18;K29;K30,https://www.ksc.de/profis/saison/news/show/article/derby-vorverkauf-ab-montag/;https://www.ksc.de/profis/saison/news/show/article/ticketinfos-zu-ksc-fck/;https://www.ksc.de/profis/saison/news/show/article/alle-ticketinfos-zum-lautern-derby/;https://www.heidelberg24.de/sport/fussball/news-fussball-derby-ksc-fck-tickets-karlsruhe-fans-zuschauer-verkauf-infos-92205346.html;https://fck.de/blog/vvk-kscfck-2526/;https://fck.de/blog/vvk-kscfck-2425/,2026-10-06,"Kaiserslautern's own rules for selling those blocks are NOT researched. Its pages for the 2024-25 and 2025-26 derbies were read in passing (K29, K30) only to confirm who sells the blocks."
Q105853,Karlsruher SC,men,derby-home,Q8466,risk-classification,2024-25,"The home derby was a high-risk match ('Hochrisikospiel'): no alcohol was served anywhere in the stadium, and the police were present in force.",confirmed,published,,K10;K21,https://www.ksc.de/profis/saison/news/show/article/spieltagsinfos-zu-ksc-1-fc-kaiserslautern/;https://www.ka-news.de/region/karlsruhe/ksc-gegen-kaiserslautern-polizei-gibt-sicherheitstipps-und-anreiseinfos-zum-derby-4-5-25-art-3315045,2026-10-06,"The alcohol ban is from the club alone (K10); the classification also from the Karlsruhe police via ka-news (K21). How a match is classified is a national rule - country-ticket-rules.csv, DE, risk-classification."
Q105853,Karlsruher SC,men,derby-home,Q8466,risk-classification,2025-26,The home derby was classified a high-risk match.,confirmed,published,,K22,https://meinka.de/polizei-bilanz-zum-ksc-spiel-gegen-kaiserslautern-ausschreitungen-nach-schlusspfiff/,2026-10-06,ONE SOURCE (press reporting the police). What that changed for ticket sales was not stated.
Q105853,Karlsruher SC,men,derby-home,Q8466,personalisation,2025-26,No personalised tickets or ID checks were announced for the home derby.,confirmed,published,,K7;K9;K11;K1,https://www.ksc.de/profis/saison/news/show/article/derby-vorverkauf-ab-montag/;https://www.ksc.de/profis/saison/news/show/article/ticketinfos-zu-ksc-fck/;https://www.ksc.de/profis/saison/news/show/article/alle-ticketinfos-zum-lautern-derby/;https://www.ksc.de/ticketing/tages-dauerkarten/tageskarten,2026-10-06,"THE ABSENCE IS THE FACT, as for Nürnberg's home derby: none of the three derby sale announcements read (2023, 2025, 2025) mentions personalisation, and the club's general page says personalisation is currently not needed for entry. The general ATGB duty to carry ID and show it on request still applies."
Q105853,Karlsruher SC,men,derby-home,Q8466,sector-separation,2025-26,Fans in the visitors' colours are refused at every home area; no source read says whether home areas are otherwise separated from each other at the derby.,unverified,unknown,,K7;K27,https://www.ksc.de/profis/saison/news/show/article/derby-vorverkauf-ab-montag/;https://www.wochenblatt-reporter.de/karlsruhe/c-sport/ksc-heimspiel-gegen-cottbus-hinweise-fuer-fans_a879503,2026-10-06,"An ordinary 2026-27 home game had sector separation 'only towards the guest area' (K27); nothing read says the derby has more. A gap, not a rule."
Q105853,Karlsruher SC,men,derby-home,Q8466,capacity,,"No source read gives a derby-day capacity or attendance. The ground's figures: 33,180 places (the club's figure for 2025-26, on the map and on German Wikipedia), 34,302 (English Wikipedia's 2026-27 table); the largest 2024-25 home attendance was 32,190, v 1. FC Köln.",unverified,unknown,,K31;K32;K33,https://de.wikipedia.org/wiki/Wildparkstadion;https://en.wikipedia.org/wiki/2026%E2%80%9327_2._Bundesliga;https://www.diefalsche9.de/kaiserslautern-sorgt-fuer-den-groessten-gaesteanhang-in-karlsruhe/,2026-10-06,"A GAP. Whether the derby is played at reduced capacity (for example buffer blocks, which the DFB rules list as a measure for high-risk matches) is not known. The figures disagree and none is the derby's."
Q105853,Karlsruher SC,men,derby-home,Q8466,resale-prices,,No credible data on actual secondary-market prices for this derby.,unverified,unknown,,,,2026-10-06,"A gap, so club-ticket-prices.csv has no resale-observed row. Resale above the original price plus 15% breaks the ticket terms."
Q105853,Karlsruher SC,men,derby-away,Q8466,away-allocation,2026-27,"KSC sold its allocation at the Fritz-Walter-Stadion online only: members and season-ticket holders first, up to two tickets per KSC-ID, then remaining tickets in free sale; print@home tickets only. 4,720 KSC fans were in the away end.",confirmed,published,,K26;K23,https://www.wochenblatt-reporter.de/karlsruhe/c-sport/karlsruher-sc-startet-vorverkauf-fuer-auswaertsspiel_a836366;https://www.rpr1.de/nachrichten/dpa-baden-wuerttemberg/fck-gegen-ksc-was-beim-suedwestderby-fuer-fans-wichtig-ist,2026-10-06,"In 2025-26 the limit was four (K12) and in 2024-25 four, with non-members from the third day (K19). Kaiserslautern's own selling rules: not researched."
