sourceId,url,title,retrievedOn,note
C1,https://www.dfb.de/maenner/wettbewerbe/dfb-pokal/modus,"DFB: DFB-Pokal (Modus), men",,Page not opened: network access to it was blocked (two tries on 2026-10-08 for dfb.de). Known only from a search-result summary.
C2,https://www.diefalsche9.de/die-dfb-pokal-teilnehmer-2026-27/,diefalsche9: Die DFB-Pokal-Teilnehmer 2026/27,,"Third-party site. Listed in search results for the 2026-27 participants; page not opened, so what it says is not read."
C3,https://www.berlin.de/rbmskzl/aktuelles/pressemitteilungen/2026/pressemitteilung.1640748.php,Land Berlin: Berlin bleibt Austragungsort des DFB-Pokalfinales bis 2030,,Press release of the State of Berlin. Listed in search results; page not opened.
C4,https://www.goal.com/de/meldungen/dfb-pokal-auslosung-1-runde-tv-live-stream-heute-live/1oaayjsh0k3xi14ry4qkcpwfcw,goal.com: DFB-Pokal-Auslosung 1. Runde,,Third-party news. Listed in search results; page not opened. Quoted in the summary for the amateur home right in the first-round draw.
C5,https://www.stuttgarter-zeitung.de/sport/sport-mix/dfb-pokal-wann-geht-es-weiter-spielplan-auslosung-und-termine-79429015.html,"Stuttgarter Zeitung: DFB-Pokal, wann geht es weiter",,Third-party news. Listed in search results; page not opened. Paywall possible.
C6,https://www.bundesliga.com/de/bundesliga/news/dfb-pokal-1-runde-2026-27-ansetzungen-bayern-dortmund-37950,"bundesliga.com: DFB-Pokal, 1. Runde 2026/27, Ansetzungen",,Listed in search results; page not opened.
C7,https://www.dfb.de/news/das-sind-die-zeitgenauen-ansetzungen-der-zweiten-pokalrunde,DFB: Das sind die zeitgenauen Ansetzungen der zweiten Pokalrunde,,Page not opened: network access to it was blocked (two tries on 2026-10-08 for dfb.de). Known only from a search-result summary.
C8,https://www.dfb.de/maenner/wettbewerbe/dfb-pokal/wettbewerbsinformationen,"DFB: DFB-Pokal (Wettbewerbsinformationen), men",,Page not opened: network access to it was blocked (two tries on 2026-10-08 for dfb.de). Known only from a search-result summary.
C9,https://www.dfb.de/news/detail/von-bundesliga-bis-3-liga-alle-infos-zu-den-relegationen-260997,www.dfb.de: source of the bucket entry note,,Listed as a source of the note on bucket entry relegation (written 2026-10-08 from search-result summaries); page not opened.
C10,https://www.bundesliga.com/de/bundesliga/news/relegation-alle-infos-termine-modus-abstieg-aufstieg-3008,www.bundesliga.com: source of the bucket entry note,,Listed as a source of the note on bucket entry relegation (written 2026-10-08 from search-result summaries); page not opened.
C11,https://www.heidelberg24.de/sport/fussball/relegation-2026-2-bundesliga-3-liga-termine-hinspiel-rueckspiel-wann-stadion-essen-94306757.html,www.heidelberg24.de: source of the bucket entry note,,Listed as a source of the note on bucket entry relegation (written 2026-10-08 from search-result summaries); page not opened.
C12,https://www.zdfheute.de/sport/fussball-regionalliga-aufstiegsreform-protest-100.html,www.zdfheute.de: source of the bucket entry note,,Listed as a source of the note on bucket entry regionalliga-aufstiegsspiele (written 2026-10-08 from search-result summaries); page not opened.
C13,https://www.diefalsche9.de/aufstiegsspiele-zur-3-liga-moeglicher-gegner-von-lok-leipzig-fix/,www.diefalsche9.de: source of the bucket entry note,,Listed as a source of the note on bucket entry regionalliga-aufstiegsspiele (written 2026-10-08 from search-result summaries); page not opened.
C14,https://www.dfb.de/news/regionalliga-reform-dfb-praesidium-bereitet-ausserordentlichen-bundestag-vor,www.dfb.de: source of the bucket entry note,,Listed as a source of the note on bucket entry regionalliga-aufstiegsspiele (written 2026-10-08 from search-result summaries); page not opened.
C15,https://www.fanatik.ro/s-au-stabilit-barajele-de-mentinere-promovare-in-superliga-cand-se-vor-juca-partidele-21473439,www.fanatik.ro: source of the bucket entry note,,Listed as a source of the note on bucket entry superliga-relegation-baraj (written 2026-10-08 from search-result summaries); page not opened.
C16,https://tvrinfo.ro/?p=798520,tvrinfo.ro: source of the bucket entry note,,Listed as a source of the note on bucket entry superliga-relegation-baraj (written 2026-10-08 from search-result summaries); page not opened.
C17,https://www.g4media.ro/fc-voluntari-a-promovat-in-superliga-dupa-victoria-cu-hermannstadt-la-baraj-sibienii-retrogradeaza-dupa-4-ani.html,www.g4media.ro: source of the bucket entry note,,Listed as a source of the note on bucket entry superliga-relegation-baraj (written 2026-10-08 from search-result summaries); page not opened.
C18,https://www.frf.ro/wp-content/uploads/2025/06/Sistem-competitional-Liga-3-cex-iunie-2025.pdf,www.frf.ro: source of the bucket entry note,,Listed as a source of the note on bucket entry liga3-promotion-tournament (written 2026-10-08 from search-result summaries); page not opened.
C19,https://www.sport.ro/fotbal-intern/opt-echipe-lupta-pentru-promovarea-in-liga-2-situatia-din-play-off-ul-ligii-3-cele-18-echipe-retrogradate-la-judeteana.html,www.sport.ro: source of the bucket entry note,,Listed as a source of the note on bucket entry liga3-promotion-tournament (written 2026-10-08 from search-result summaries); page not opened.
