id,name,country,level,type,wikidataQ,officialUrl
de-bundesliga,Bundesliga,DE,1,league,Q82595,
de-2-bundesliga,2. Bundesliga,DE,2,league,Q152665,
de-3-liga,3. Liga,DE,3,league,Q154069,
de-regionalliga-bayern,Regionalliga Bayern,DE,4,league,Q340179,
de-regionalliga-nord,Regionalliga Nord,DE,4,league,Q539678,
de-regionalliga-nordost,Regionalliga Nordost,DE,4,league,Q548937,
de-regionalliga-suedwest,Regionalliga Suedwest,DE,4,league,Q322128,
de-regionalliga-west,Regionalliga West,DE,4,league,Q555836,
de-dfb-pokal,DFB-Pokal,DE,,cup,,
de-dfl-supercup,DFL-Supercup,DE,,supercup,,
de-2-bundesliga-relegation-play-off,2. Bundesliga relegation play-off,DE,,playoff,,
de-aufstiegsspiele-zur-3-liga,Aufstiegsspiele zur 3. Liga,DE,,playoff,,
de-bundesliga-relegation-play-off,Bundesliga relegation play-off,DE,,playoff,,
ro-superliga-romaniei,SuperLiga Romaniei,RO,1,league,Q237753,
ro-liga-a-ii-a,Liga a II-a,RO,2,league,Q386384,
ro-liga-a-iii-a,Liga a III-a,RO,3,league,Q1707697,
ro-cupa-romaniei,Cupa României,RO,,cup,,
ro-liga-2-promotion-play-off,Liga 2 promotion play-off,RO,,playoff,,
ro-liga-3-promotion-tournament,Liga 3 promotion tournament,RO,,playoff,,
ro-superliga-relegation-play-off,Superliga relegation play-off,RO,,playoff,,
at-bundesliga,Bundesliga,AT,1,league,Q219592,
at-2-liga,2. Liga,AT,2,league,Q650236,
be-belgian-pro-league,Belgian Pro League,BE,1,league,Q216022,
be-challenger-pro-league,Challenger Pro League,BE,2,league,Q23925620,
br-campeonato-brasileiro-serie-a,Campeonato Brasileiro Série A,BR,1,league,,
ch-super-league,Super League,CH,1,league,Q202699,
ch-challenge-league,Challenge League,CH,2,league,Q669073,
es-la-liga,La Liga,ES,1,league,Q324867,
es-segunda-division,Segunda División,ES,2,league,Q35615,
es-copa-del-rey,Copa del Rey,ES,,cup,,
es-supercopa-de-espana,Supercopa de España,ES,,supercup,,
fr-ligue-1,Ligue 1,FR,1,league,Q13394,
fr-ligue-2,Ligue 2,FR,2,league,Q217374,
fr-coupe-de-france,Coupe de France,FR,,cup,,
gb-premier-league,Premier League,GB,1,league,Q9448,
gb-efl-championship,EFL Championship,GB,2,league,Q19510,
gb-efl-cup,EFL Cup,GB,,cup,,
gb-fa-cup,FA Cup,GB,,cup,,
gb-scottish-cup,Scottish Cup,GB,,cup,,
gb-fa-community-shield,FA Community Shield,GB,,supercup,,
gr-super-league,Super League,GR,1,league,Q235114,
gr-super-league-2,Super League 2,GR,2,league,Q63980269,
it-serie-a,Serie A,IT,1,league,Q15804,
it-serie-b,Serie B,IT,2,league,Q194052,
it-coppa-italia,Coppa Italia,IT,,cup,,
nl-eredivisie,Eredivisie,NL,1,league,Q167541,
nl-eerste-divisie,Eerste Divisie,NL,2,league,Q610823,
nl-knvb-beker,KNVB Beker,NL,,cup,,
pt-primeira-liga,Primeira Liga,PT,1,league,,
pt-taca-de-portugal,Taça de Portugal,PT,,cup,,
rs-superliga,SuperLiga,RS,1,league,Q235307,
rs-first-league,First League,RS,2,league,Q1813595,
us-mls-cup,MLS Cup,US,,playoff,,
int-uefa-super-cup,UEFA Super Cup,,,supercup,,
int-afc-asian-cup,AFC Asian Cup,,,tournament,,
int-africa-cup-of-nations,Africa Cup of Nations,,,tournament,,
int-copa-libertadores,Copa Libertadores,,,international,,
int-fifa-world-cup,FIFA World Cup,,,tournament,,
int-olympic-men-s-football-tournament,Olympic men's football tournament,,,tournament,,
int-uefa-champions-league,UEFA Champions League,,,international,,
int-uefa-conference-league,UEFA Conference League,,,international,,
int-uefa-europa-league,UEFA Europa League,,,international,,
int-uefa-european-championship,UEFA European Championship,,,tournament,,
int-uefa-nations-league,UEFA Nations League,,,tournament,,
