sourceId,url,title,retrievedOn
R1,https://en.wikipedia.org/wiki/Rhine_derby,"Rhine derby (Wikipedia, English)",2026-10-03
R2,https://en.wikipedia.org/wiki/German_football_rivalries,"German football rivalries (Wikipedia, English)",2026-10-03
R3,https://en.wikipedia.org/wiki/Berlin_derby,"Berlin derby (Wikipedia, English)",2026-10-03
R4,https://en.wikipedia.org/wiki/Der_Klassiker,"Der Klassiker (Wikipedia, English)",2026-10-03
R5,https://en.wikipedia.org/wiki/Revierderby,"Revierderby (Wikipedia, English)",2026-10-03
R6,https://en.wikipedia.org/wiki/FC_Augsburg%E2%80%93TSV_1860_Munich_rivalry,"FC Augsburg–TSV 1860 Munich rivalry (Wikipedia, English)",2026-10-03
R7,https://en.wikipedia.org/wiki/Augsburg_derby,"Augsburg derby (Wikipedia, English)",2026-10-03
R8,https://en.wikipedia.org/wiki/Munich_derby,"Munich derby (Wikipedia, English)",2026-10-03
R9,https://en.wikipedia.org/wiki/Bayern_Munich%E2%80%93Real_Madrid_rivalry,"Bayern Munich–Real Madrid rivalry (Wikipedia, English)",2026-10-03
R10,https://en.wikipedia.org/wiki/Hamburg_derby,"Hamburg derby (Wikipedia, English)",2026-10-03
R11,https://en.wikipedia.org/wiki/Nordderby,"Nordderby (Wikipedia, English)",2026-10-03
R12,https://de.wikipedia.org/wiki/Baden-W%C3%BCrttemberg-Derby,"Baden-Württemberg-Derby (Wikipedia, German)",2026-10-03
R13,https://en.wikipedia.org/wiki/Stuttgart_derby,"Stuttgart derby (Wikipedia, English)",2026-10-03
R14,https://de.wikipedia.org/wiki/Karlsruher_SC,"Karlsruher SC (Wikipedia, German)",2026-10-03
R15,https://de.wikipedia.org/wiki/Frankenderby,"Frankenderby (Wikipedia, German)",2026-10-03
R16,https://en.wikipedia.org/wiki/Lower_Saxony_derby,"Lower Saxony derby (Wikipedia, English)",2026-10-03
R17,https://en.wikipedia.org/wiki/Politisches_derby,"Politisches derby (Wikipedia, English)",2026-10-03
