sourceId,club,country,publisher,publisherKind,title,published,url,urlComplete,document,note
N1,1. FC Nürnberg,,DFL,league,Spielplan 2. Bundesliga 2026/27 (PDF),2 Jul 2026,https://media.dfl.de/sites/2/2026/07/DE_mgKX2qjj_2.-Bundesliga_Spielplan_2026_27.pdf,yes,"Derby ticket rule set, compiled 23 Sep 2026 (PDF supplied by Alexandru)",
N2,1. FC Nürnberg,,fcn.de,club,Derbysieger! Club gewinnt das 277. Frankenderby,15 Aug 2026,https://fcn.de/news/artikel/derbysieger-club-gewinnt-das-277-frankenderby/,yes,"Derby ticket rule set, compiled 23 Sep 2026 (PDF supplied by Alexandru)",Listed in the PDF's sources but not cited by any numbered rule; it supports the fixture table (first leg played in Fürth on 15 Aug 2026).
N3,1. FC Nürnberg,,fcn.de,club,Tickets für Heimspiele des 1. FCN: Hier läuft der Vorverkauf,current (undated in the PDF),https://fcn.de/news/artikel/tickets-fuer-heimspiele-des-1-fcn-hier-laeuft-der-vorverkauf/,yes,"Derby ticket rule set, compiled 23 Sep 2026 (PDF supplied by Alexandru)",The per-home-game presale article the club keeps updated.
N4,1. FC Nürnberg,,fcn.de,club,Vorverkaufsstarts Heimspiele Hinrunde 2026/27 (PDF),,https://fcn.de/fileadmin/fcn/red/saison_26/Downloads/pdf/VVK_Heimspiel_Hinrunde_202627.pdf,yes,"Derby ticket rule set, compiled 23 Sep 2026 (PDF supplied by Alexandru)",
N5,1. FC Nürnberg,,fcn.de,club,Mitgliedschaft: Beiträge,,https://fcn.de/der-club/fans-mitgliedschaft/mitgliedschaft/beitraege/,yes,"Derby ticket rule set, compiled 23 Sep 2026 (PDF supplied by Alexandru)",
N6,1. FC Nürnberg,,fcn.de,club,Tickets hub,,https://fcn.de/tickets/,yes,"Derby ticket rule set, compiled 23 Sep 2026 (PDF supplied by Alexandru)",
N7,1. FC Nürnberg,,fcn.de,club,"Heimspiele page (fees, Ticketbörse) and Preislisten 26/27 (PDF)",,https://fcn.de/tickets/heimspiele/;https://fcn.de/fileadmin/fcn/red/saison_26/Downloads/pdf/Preislisten_26-27.pdf,yes,"Derby ticket rule set, compiled 23 Sep 2026 (PDF supplied by Alexandru)","One source code, two URLs, exactly as the PDF lists it: the Heimspiele page and the 2026/27 price list PDF."
N8,1. FC Nürnberg,,fcn.de,club,Ticket newsletter confirmation,,https://fcn.de/tickets/ticket-newsletter-anmeldung/anmeldung/,yes,"Derby ticket rule set, compiled 23 Sep 2026 (PDF supplied by Alexandru)",The newsletter sign-up/confirmation page.
N9,1. FC Nürnberg,,fcn.de,club,Orga-Hinweise zum 275. Frankenderby,5 Dec 2025,https://fcn.de/news/artikel/fuer-stadionbesucher-orga-hinweise-zum-275-frankenderby/,yes,"Derby ticket rule set, compiled 23 Sep 2026 (PDF supplied by Alexandru)",
N10,1. FC Nürnberg,,nordbayern.de,press,Frankenderby: Tickets nur gegen Ausweis,undated,https://nordbayern.de/sport/frankenderby-tickets-nur-gegen-ausweis-1.6510373,yes,"Derby ticket rule set, compiled 23 Sep 2026 (PDF supplied by Alexandru)",The PDF itself calls this source older and undated.
N11,1. FC Nürnberg,,sgf1903.de (SpVgg Greuther Fürth),other-club,Tickets für das Frankenderby,18 Feb 2025,https://sgf1903.de/news/profis/tickets-fuer-das-frankenderby,yes,"Derby ticket rule set, compiled 23 Sep 2026 (PDF supplied by Alexandru)","The opposing club's own site, which sells the away end."
N12,1. FC Nürnberg,,nordbayern.de,press,Ticketinfos zum Frankenderby,12 Mar 2025,https://nordbayern.de/sport/ticketinfos-zum-frankenderby-restkarten-zuschauerrekord-und-das-quasi-ausverkaufte-stadion-1.14611371,yes,"Derby ticket rule set, compiled 23 Sep 2026 (PDF supplied by Alexandru)","The PDF breaks this URL across two lines ('restkar' / 'ten'); it is joined here as 'restkarten', which is the only reading that matches the title. No other change."
N13,1. FC Nürnberg,,nn.de,press,Frankenderby: Nur noch wenige Plätze frei,13 Sep 2023,https://nn.de/nuernberg/beim-frankenderby-sind-nur-noch-wenige-platze-im-max-morlock-stadion-frei-1.13596440,yes,"Derby ticket rule set, compiled 23 Sep 2026 (PDF supplied by Alexandru)",
N14,1. FC Nürnberg,,fcn.de,club,"Derby am Sonntag, Rückrundenauftakt samstags",5 Nov 2025,https://fcn.de/news/artikel/derby-am-sonntag-rueckrundenauftakt-samstags/,yes,"Derby ticket rule set, compiled 23 Sep 2026 (PDF supplied by Alexandru)",
N15,1. FC Nürnberg,,fcn.de,club,Ab sofort für Mitglieder erhältlich: Die Rückrunden-Dauerkarte,30 Oct 2025,https://fcn.de/news/artikel/ab-sofort-fuer-mitglieder-erhaeltlich-die-rueckrunden-dauerkarte/,yes,"Derby ticket rule set, compiled 23 Sep 2026 (PDF supplied by Alexandru)",
N16,1. FC Nürnberg,,fcn.de,club,Schwarzmarkttickets,,https://fcn.de/tickets/heimspiele/schwarzmarkttickets/,yes,"Derby ticket rule set, compiled 23 Sep 2026 (PDF supplied by Alexandru)",
I1,FC Internazionale Milano,,MilanPress (cross-check: Yahoo Sports),press,"Serie A 2026/27, le date del derby",5 Jun 2026,https://milanpress.it/serie-a-2026-27-derby-milano-andata-ritorno/;https://sports.yahoo.com/articles/serie-26-27-derby-dates-172000621.html,yes,"Derby ticket rule set, compiled 23 Sep 2026 (PDF supplied by Alexandru)","Two URLs under one code, as the PDF lists them: the source and its cross-check. Supports the fixture table only."
I2,FC Internazionale Milano,,inter.it,club,Tickets for Inter vs. AC Milan: dates and phases of sale,28 Oct 2025,https://inter.it/en/news/tickets-inter-milan-derby-serie-a-2025-2026,yes,"Derby ticket rule set, compiled 23 Sep 2026 (PDF supplied by Alexandru)",The 2025/26 home-derby sale announcement. Every derby phase date in this repo rests on it.
I3,FC Internazionale Milano,,inter.it,club,"FAQ (tickets, transfers, resale, profile)",,https://inter.it/en/faq,yes,"Derby ticket rule set, compiled 23 Sep 2026 (PDF supplied by Alexandru)",
I4,FC Internazionale Milano,,inter.it,club,Tickets for Inter vs. Monza and Inter vs. Napoli,17 Aug 2026,https://inter.it/en/news/tickets-inter-monza-inter-napoli-serie-a-26-27,yes,"Derby ticket rule set, compiled 23 Sep 2026 (PDF supplied by Alexandru)",
I5,FC Internazionale Milano,,inter.it,club,Siamo Noi card page (older cached version),,https://inter.it/en/tessera_siamo_noi,yes,"Derby ticket rule set, compiled 23 Sep 2026 (PDF supplied by Alexandru)","The PDF read an older cached version of this page, not the live one."
I6,FC Internazionale Milano,,inter.it,club,Abbonamenti 2026/27,,https://inter.it/it/biglietti/abbonamenti,yes,"Derby ticket rule set, compiled 23 Sep 2026 (PDF supplied by Alexandru)",
I7,FC Internazionale Milano,IT,Ministero dell'Interno,government,Dalla tessera del tifoso alla fidelity card,,https://interno.gov.it/it/notizie/dalla-tessera-tifoso-alla-fidelity-card,yes,"Derby ticket rule set, compiled 23 Sep 2026 (PDF supplied by Alexandru)",
I8,FC Internazionale Milano,IT,Il Post,press,Come funziona l'ordine pubblico negli stadi,2022/2023,https://ilpost.it/2022/10/22/tessera-del-tifoso-ordine-stadi/,yes,"Derby ticket rule set, compiled 23 Sep 2026 (PDF supplied by Alexandru)",
I9,FC Internazionale Milano,,SSC Napoli archive,other-club,Tessera del Tifoso FAQ (foreign fans),,https://archivio.sscnapoli.it/client/render.aspx?content=1&root;=3448,suspect,"Derby ticket rule set, compiled 23 Sep 2026 (PDF supplied by Alexandru)","Copied exactly as the PDF prints it. The '&root;=' looks like an HTML-entity artefact and the working URL is probably '&root=3448', but that is a guess and is not written in its place."
I10,FC Internazionale Milano,,inter.it,club,San Siro's new layout: entrances and accessibility,17 Aug 2026,https://inter.it/en/news/entrances-san-siro-how-to-arrive-26-27,yes,"Derby ticket rule set, compiled 23 Sep 2026 (PDF supplied by Alexandru)",
I11,FC Internazionale Milano,,inter.it (cross-check: fcinter1908.it),club,Milan-Inter away sector tickets,Feb 2026,https://inter.it/it/notizie/biglietti-derby-settore-ospiti-inter-2026;https://fcinter1908.it,domain-only,"Derby ticket rule set, compiled 23 Sep 2026 (PDF supplied by Alexandru)","The first URL is complete. The PDF gives the cross-check only as the domain fcinter1908.it, with no article path, so that half cannot be followed to the article."
I12,FC Internazionale Milano,,goal.com,press,"Biglietti Inter-Milan settembre 2023 (prices, sold out)",,https://goal.com/it/liste/…/blt22d29cd26f924478,truncated-in-pdf,"Derby ticket rule set, compiled 23 Sep 2026 (PDF supplied by Alexandru)","THE PDF ITSELF TRUNCATES THIS URL with '…' in the middle, so it will not open as written. Only the start and the article id are known. Not reconstructed."
I13,FC Internazionale Milano,,Passione Inter,fan-site,Biglietti Inter-Milan 23 novembre 2025,11 Nov 2025,https://passioneinter.com/inter-news/biglietti-inter-milan-23-novembre-2025/,yes,"Derby ticket rule set, compiled 23 Sep 2026 (PDF supplied by Alexandru)","A fan site, not the club."
I14,FC Internazionale Milano,,Calcio e Finanza,press,"Inter-Milan, nuovo record d'incasso",24 Nov 2025,https://calcioefinanza.it/2025/11/24/incasso-inter-milan-record-classifica-serie-a/,yes,"Derby ticket rule set, compiled 23 Sep 2026 (PDF supplied by Alexandru)",
I15,FC Internazionale Milano,,goal.com,press,Biglietti Inter-Milan 2024,,https://goal.com/it/liste/…/blt0d82bbc5e7a9c9e7,truncated-in-pdf,"Derby ticket rule set, compiled 23 Sep 2026 (PDF supplied by Alexandru)","THE PDF ITSELF TRUNCATES THIS URL with '…', so it will not open as written. Not reconstructed. The PDF also warns (I-25) that this source dates the 2024/25 sale opening after that match was played."
I16,FC Internazionale Milano,,Calciomercato,press,Biglietti Milan-Inter (contains viagogo affiliate link),29 Jan 2026,https://calciomercato.com/liste/…/blte955c1dd0c30d4ce,truncated-in-pdf,"Derby ticket rule set, compiled 23 Sep 2026 (PDF supplied by Alexandru)","THE PDF ITSELF TRUNCATES THIS URL with '…', so it will not open as written. Not reconstructed."
K1,Karlsruher SC,,ksc.de,club,Tageskarten,current (read 6 Oct 2026),https://www.ksc.de/ticketing/tages-dauerkarten/tageskarten,yes,"KSC ticket research, 6 Oct 2026 (pages read on a GitHub runner)","The club's day-ticket page: price-list links, the EUR 2 box-office surcharge, the Ticketzweitmarkt, child tickets, optional personalisation, the KSC-ID, away-ticket distribution (40/20/40) and the guest area."
K2,Karlsruher SC,,ksc.de,club,"Tageskarten 26/27 Preisliste 2. Bundesliga, Kategorie A (PDF)",,https://www.ksc.de/fileadmin/Ticketing/Preislisten_Tageskarten_26-27_KAT-A.pdf,yes,"KSC ticket research, 6 Oct 2026 (pages read on a GitHub runner)","Headed 'TAGESKARTEN 26 / 27'. Read as extracted text; the table is regular enough that block, adult, reduced and child columns line up."
K3,Karlsruher SC,,ksc.de,club,"Tageskarten 26/27 Preisliste 2. Bundesliga, Kategorie B (PDF)",,https://www.ksc.de/fileadmin/Ticketing/Preislisten_Tageskarten_26-27_KAT-B.pdf,yes,"KSC ticket research, 6 Oct 2026 (pages read on a GitHub runner)",Headed 'TAGESKARTEN 26 / 27'.
K4,Karlsruher SC,,ksc.de,club,Dauerkarten,current (read 6 Oct 2026),https://www.ksc.de/ticketing/tages-dauerkarten/dauerkarten/,yes,"KSC ticket research, 6 Oct 2026 (pages read on a GitHub runner)","Season tickets: priced on category B, subscription renews, standing season tickets only through a members' waiting list (all 2026/27 standing places already given out)."
K5,Karlsruher SC,,ksc.de,club,Vorverkaufs-Informationen,current (read 6 Oct 2026),https://www.ksc.de/ticketing/tages-dauerkarten/vorverkaufs-informationen,yes,"KSC ticket research, 6 Oct 2026 (pages read on a GitHub runner)","The club's running list of presales for the next matches, each with its phases and the 4-per-KSC-ID limit. Read 6 Oct 2026: St. Pauli away, Darmstadt home, Magdeburg away, the Pokal at Gladbach, Heidenheim home."
K6,Karlsruher SC,,ksc.de,club,KSC-HDH: Vorverkauf ab Montag,,https://www.ksc.de/profis/saison/news/show/article/ksc-hdh-vorverkauf-ab-montag/,yes,"KSC ticket research, 6 Oct 2026 (pages read on a GitHub runner)",Per-match ticket article for the 31 Oct 2026 home game v Heidenheim (category B). Its publication date was not captured in the read; it announces a sale from 28 Sep 2026.
K7,Karlsruher SC,,ksc.de,club,Derby-Vorverkauf ab Montag (Die Ticketinfos zu KSC-FCK),16 Sep 2025,https://www.ksc.de/profis/saison/news/show/article/derby-vorverkauf-ab-montag/,yes,"KSC ticket research, 6 Oct 2026 (pages read on a GitHub runner)","The 2025-26 home derby (18 Oct 2025): category A, phases, no free sale for now, guest area only through FCK."
K8,Karlsruher SC,,ksc.de,club,Ausverkauftes Südwest-Derby,22 Sep 2025,https://www.ksc.de/profis/saison/spielberichte/show/article/default-7e1ffba8403b4123eca0f03d80e04740/,yes,"KSC ticket research, 6 Oct 2026 (pages read on a GitHub runner)",Sold out a few hours after the members' presale opened that day.
K9,Karlsruher SC,,ksc.de,club,Ticketinfos zu KSC - FCK,3 Apr 2025,https://www.ksc.de/profis/saison/news/show/article/ticketinfos-zu-ksc-fck/,yes,"KSC ticket research, 6 Oct 2026 (pages read on a GitHub runner)","The 2024-25 home derby (4 May 2025): category A, phases, no free sale for now."
K10,Karlsruher SC,,ksc.de,club,Spieltagsinfos zu KSC – 1. FC Kaiserslautern,2 May 2025,https://www.ksc.de/profis/saison/news/show/article/spieltagsinfos-zu-ksc-1-fc-kaiserslautern/,yes,"KSC ticket research, 6 Oct 2026 (pages read on a GitHub runner)","Matchday notes for 4 May 2025: sold out including the guest area, 'Hochrisikospiel', no alcohol anywhere in the stadium, no away colours in home areas."
K11,Karlsruher SC,,ksc.de,club,Alle Ticketinfos zum Lautern-Derby!,17 Aug 2023,https://www.ksc.de/profis/saison/news/show/article/alle-ticketinfos-zum-lautern-derby/,yes,"KSC ticket research, 6 Oct 2026 (pages read on a GitHub runner)","The 2023-24 home derby (16 Sep 2023): phases, no free sale for now, the ATGB 10.2a ban on unauthorised platforms."
K12,Karlsruher SC,,ksc.de,club,Ticketinfos zum Südwest-Derby (VVK ab Dienstag),22 Feb 2026,https://www.ksc.de/profis/saison/news/show/article/ticketinfos-zum-suedwest-derby/,yes,"KSC ticket research, 6 Oct 2026 (pages read on a GitHub runner)","The 2025-26 AWAY derby at Kaiserslautern (15 Mar 2026): KSC's allocation, prices, phases."
K13,Karlsruher SC,,ksc.de,club,ATGB (Allgemeine Ticket-Geschäftsbedingungen),current (read 6 Oct 2026),https://www.ksc.de/ticketing/tages-dauerkarten/dauerkarten/atgb,yes,"KSC ticket research, 6 Oct 2026 (pages read on a GitHub runner)","The club's ticket terms. THE PAGE AS READ HOLDS TWO WORDINGS OF CLAUSE 5.1: one makes children up to 14 'Kindertickets' and young people up to 18 reduced, the other makes all under-18s reduced. Which is current was not settled; the rows cite only what both say. No 'Stand' date was found on the page."
K14,Karlsruher SC,DE,ksc.de,club,Ticketzweitmarkt,current (read 6 Oct 2026),https://www.ksc.de/ticketing/tages-dauerkarten/ticketzweitmarkt,yes,"KSC ticket research, 6 Oct 2026 (pages read on a GitHub runner)",The club's own resale platform; links the DFL's fair-play page and says it follows the DFL fair-play rules.
K15,Karlsruher SC,,ksc.de,club,Schwarzmarkt,current (read 6 Oct 2026),https://www.ksc.de/ticketing/informationen/schwarzmarkt,yes,"KSC ticket research, 6 Oct 2026 (pages read on a GitHub runner)",Names the platforms whose tickets can be cancelled and says the club pursues sellers with LDM Rechtsanwälte.
K16,Karlsruher SC,,mitgliedschaft-ksc.de,club,Lust auf Zusammenhalt. Jetzt Mitglied werden. (membership FAQ),current (read 6 Oct 2026),https://mitgliedschaft-ksc.de/,yes,"KSC ticket research, 6 Oct 2026 (pages read on a GitHub runner)","Membership fees from 1 Jul 2026 and those planned from 1 Jul 2027, processing time, presale rights."
K17,Karlsruher SC,,baden24.de,press,So kommen Fans des Karlsruher SC an Tickets für das Derby gegen den FCK,19 Sep 2025,https://www.baden24.de/sport/KSC/so-kommen-fans-des-karlsruher-sc-an-tickets-fuer-das-derby-gegen-den-fck-93941279.html,yes,"KSC ticket research, 6 Oct 2026 (pages read on a GitHub runner)",Press restatement of K7 (Nils Wollenschläger).
K18,Karlsruher SC,,heidelberg24.de,press,Derby-Tickets schon weg: Karlsruher SC erwartet gegen FCK große Kulisse,29 Apr 2023 (updates of 12 and 20 Apr),https://www.heidelberg24.de/sport/fussball/news-fussball-derby-ksc-fck-tickets-karlsruhe-fans-zuschauer-verkauf-infos-92205346.html,yes,"KSC ticket research, 6 Oct 2026 (pages read on a GitHub runner)","The 2022-23 home derby (21 May 2023). Quotes the club: no free sale 'aus Sicherheitsgründen', all day tickets gone after the first members' day. The URL searched (/sport/karlsruher-sc/...) redirects here."
K19,Karlsruher SC,,ka-news.de,press,Ticketvorverkauf für das Südwest-Derby startet am 26. November,25 Nov 2024,https://www.ka-news.de/ksc/news/ticketvorverkauf-fuer-das-suedwest-derby-startet-am-26-november-art-3260348,yes,"KSC ticket research, 6 Oct 2026 (pages read on a GitHub runner)",The 2024-25 AWAY derby at Kaiserslautern (7 Dec 2024).
K20,Karlsruher SC,,ka-news.de,press,Karlsruher SC: Ticketpreise 2025/26 sind gestiegen – was kosten KSC-Dauerkarte und Tageskarten?,"3 Jun 2025, updated 22 Dec 2025",https://www.ka-news.de/ksc/karlsruher-sc-ticketpreise-2025-26-steigen-was-kosten-ksc-dauerkarte-und-tageskarten-22-12-25-109173986,yes,"KSC ticket research, 6 Oct 2026 (pages read on a GitHub runner)","Gives, as the 2025/26 prices, exactly the figures the club's 26/27 price lists carry. Also: more than one in three home games of 2024-25 sold out; prices to be adjusted every two years. The URL first found (ending -28-9-25-109173986) redirects here."
K21,Karlsruher SC,,ka-news.de,press,KSC gegen Kaiserslautern: Polizei gibt Sicherheitstipps und Anreiseinfos zum Derby,4 May 2025,https://www.ka-news.de/region/karlsruhe/ksc-gegen-kaiserslautern-polizei-gibt-sicherheitstipps-und-anreiseinfos-zum-derby-4-5-25-art-3315045,yes,"KSC ticket research, 6 Oct 2026 (pages read on a GitHub runner)",From a Karlsruhe police release of 2 May 2025: 'Das Spiel zwischen dem KSC und Kaiserslautern ist ein Hochrisikospiel.' Most of the body was not in the read.
K22,Karlsruher SC,,meinKA,press,Polizei-Bilanz zum KSC-Spiel gegen Kaiserslautern: Ausschreitungen nach Schlusspfiff,18 Oct 2025,https://meinka.de/polizei-bilanz-zum-ksc-spiel-gegen-kaiserslautern-ausschreitungen-nach-schlusspfiff/,yes,"KSC ticket research, 6 Oct 2026 (pages read on a GitHub runner)",The 18 Oct 2025 home derby was classified a high-risk match; about 300 away fans separated from home fans after the final whistle. Its related-article list calls the ground 'ausverkauft'.
K23,Karlsruher SC,,RPR1. (dpa),press,FCK gegen KSC: Was beim Südwestderby für Fans wichtig ist,15 Aug 2026,https://www.rpr1.de/nachrichten/dpa-baden-wuerttemberg/fck-gegen-ksc-was-beim-suedwestderby-fuer-fans-wichtig-ist,yes,"KSC ticket research, 6 Oct 2026 (pages read on a GitHub runner)","dpa on the 2026-27 away leg: high-risk match, more than 47,000 tickets sold, 4,720 away fans, entry queues of up to two hours in past years (KSC's head of security)."
K24,Karlsruher SC,,Wochenblatt-Reporter,press,Karlsruher SC startet Vorverkauf für erstes Heimspiel,16 Jul 2026,https://www.wochenblatt-reporter.de/karlsruhe/c-sport/karlsruher-sc-startet-vorverkauf-fuer-erstes-heimspiel_a827783,yes,"KSC ticket research, 6 Oct 2026 (pages read on a GitHub runner)",Press restatement of the club's sale for the 8 Aug 2026 home game v Bielefeld (category B).
K25,Karlsruher SC,,Wochenblatt-Reporter,press,KSC startet am 17. Juni den Dauerkartenverkauf für 2026/27,29 May 2026,https://www.wochenblatt-reporter.de/karlsruhe/c-sport/ksc-startet-am-17-juni-den-dauerkartenverkauf-fuer-202627_a785929,yes,"KSC ticket research, 6 Oct 2026 (pages read on a GitHub runner)","Season tickets 2026/27: members first, then free sale; one presale right per KSC-ID however many season tickets it holds."
K26,Karlsruher SC,,Wochenblatt-Reporter,press,Karlsruher SC startet Vorverkauf für Auswärtsspiel,27 Jul 2026,https://www.wochenblatt-reporter.de/karlsruhe/c-sport/karlsruher-sc-startet-vorverkauf-fuer-auswaertsspiel_a836366,yes,"KSC ticket research, 6 Oct 2026 (pages read on a GitHub runner)","The 2026-27 AWAY derby at Kaiserslautern (15 Aug 2026): KSC's allocation, 2 tickets per KSC-ID, prices, free sale of leftovers."
K27,Karlsruher SC,,Wochenblatt-Reporter,press,KSC-Heimspiel gegen Cottbus: Hinweise für Fans,12 Sep 2026,https://www.wochenblatt-reporter.de/karlsruhe/c-sport/ksc-heimspiel-gegen-cottbus-hinweise-fuer-fans_a879503,yes,"KSC ticket research, 6 Oct 2026 (pages read on a GitHub runner)","An ordinary 2026-27 home game: box offices open in all areas, sector separation only towards the guest area, KVV travel included in the ticket."
K28,Karlsruher SC,,Wochenblatt-Reporter,press,KSC startet Verkauf der Dauerkarten für den BBBank Wildpark,17 Jun 2026,https://www.wochenblatt-reporter.de/karlsruhe/c-sport/ksc-startet-verkauf-der-dauerkarten-fuer-den-bbbank-wildpark_a800912,yes,"KSC ticket research, 6 Oct 2026 (pages read on a GitHub runner)","Season tickets 2026/27 on sale to members from 17 Jun, free sale from 19 Jun 12:00."
K29,Karlsruher SC,,fck.de,other-club,Vorverkaufsstart für das Auswärtsspiel in Karlsruhe,12 Sep 2025,https://fck.de/blog/vvk-kscfck-2526/,yes,"KSC ticket research, 6 Oct 2026 (pages read on a GitHub runner)","KAISERSLAUTERN'S OWN PAGE, read in passing. Cited only for the fact that the guest blocks at the Wildpark are sold by FCK. FCK's own selling rules are NOT researched here."
K30,Karlsruher SC,,fck.de,other-club,Vorverkauf fürs Auswärtsspiel in Karlsruhe startet,9 Apr 2025,https://fck.de/blog/vvk-kscfck-2425/,yes,"KSC ticket research, 6 Oct 2026 (pages read on a GitHub runner)","Kaiserslautern's own page, read in passing, as K29. FCK's own selling rules are NOT researched here."
K31,Karlsruher SC,,de.wikipedia.org,wiki,Wildparkstadion,current (read 6 Oct 2026),https://de.wikipedia.org/wiki/Wildparkstadion,yes,"KSC ticket research, 6 Oct 2026 (pages read on a GitHub runner)","Infobox and lead: 33,180 places, '(Saison 2025/26)'. A third-party record."
K32,Karlsruher SC,,en.wikipedia.org,wiki,2026–27 2. Bundesliga,current (read 6 Oct 2026),https://en.wikipedia.org/wiki/2026%E2%80%9327_2._Bundesliga,yes,"KSC ticket research, 6 Oct 2026 (pages read on a GitHub runner)","Stadiums table: BBBank Wildpark 34,302. A third-party record."
K33,Karlsruher SC,,Die falsche 9,press,Kaiserslautern sorgt für den größten Gästeanhang in Karlsruhe,4 May 2025,https://www.diefalsche9.de/kaiserslautern-sorgt-fuer-den-groessten-gaesteanhang-in-karlsruhe/,yes,"KSC ticket research, 6 Oct 2026 (pages read on a GitHub runner)","Attendance table of KSC's 2024-25 home games before the derby: KSC v Köln 32,190 (4,000 away) was the largest. Searched as ?p=55226, which redirects here."
K34,Karlsruher SC,,recht24-7.de (Love & Law Blog),press,KSC vs. Viagogo: Court bans ticket profiteering – fans breathe a sigh of relief,26 Jan 2026,https://recht24-7.de/en/ksc-gegen-viagogo-gericht-verbietet-ticket-wucher-fans-atmen-auf/,yes,"KSC ticket research, 6 Oct 2026 (pages read on a GitHub runner)",Landgericht Mannheim prohibited viagogo from selling unauthorised tickets for KSC games. A legal blog's account; the judgment itself was not read.
DE1,,DE,DFB,federation,"Durchführungsbestimmungen zur DFB-Spielordnung und weitere Richtlinien (Heft 05, PDF)",Stand 1 Feb 2023,https://www.dfb.de/fileadmin/_dfbdam/279659-Heft_05_Durchfuehrungsbestimmungen_20230201.pdf,yes,"KSC ticket research, 6 Oct 2026 (pages read on a GitHub runner)",Read: § 25 no. 1 (tickets for away clubs) and the Richtlinien zur Verbesserung der Sicherheit bei Bundesspielen § 32 (matches with increased risk) and its alcohol clause. THE EDITION IS 1 FEB 2023; whether a newer one exists was not looked for.
DE2,,DE,Der Tagesspiegel,press,Vorstoß der Innenminister: Weniger Gästekarten bei Hochrisikospielen im Fußball,26 Jun 2015,https://www.tagesspiegel.de/sport/weniger-gastekarten-bei-hochrisikospielen-im-fussball-3638545.html,yes,"KSC ticket research, 6 Oct 2026 (pages read on a GitHub runner)",Press: away supporters 'derzeit zehn Prozent des gesamten Kartenkontingents' (2015); the interior ministers wanted fewer away tickets at high-risk matches.
DE3,,DE,WEB.DE (dpa),press,Bundesliga: Ab dem dritten Spieltag sind in den Stadien wieder Gäste-Fans erlaubt,Jul 2021,https://web.de/magazine/sport/fussball/bundesliga/bundesliga-dritten-spieltag-stadien-gaeste-fans-erlaubt-35993126,yes,"KSC ticket research, 6 Oct 2026 (pages read on a GitHub runner)","Press quoting the DFL: once restrictions end, 'zum eigentlich vorgesehenen Kontingent von zehn Prozent' for away fans."
DE4,,DE,DFL / Bundesliga,league,Stabile und faire Preise: Der offizielle Ticket-Zweitmarkt,9 Jan 2019,https://www.dfl.de/de/hintergrund/ticketzweitmarkt/,yes,"KSC ticket research, 6 Oct 2026 (pages read on a GitHub runner)",The league's nine fair-play rules for the official secondary market. Redirects to bundesliga-gruppe.de/hintergrund/ticketzweitmarkt/; the dfl.de address is the one KSC's own page links.
V1,VfB Stuttgart,,vfb.de,club,Ticketvergabe für die Saison 2025/2026,27 Jun 2025,https://www.vfb.de/de/vfb/aktuell/neues/fans/2025/ticketvergabe-25-26/,yes,"VfB ticket research, 7 Oct 2026 (pages read on a GitHub runner)","The club's ticket rules from 2025-26: up to 2 tickets per member, online sale with a virtual queue (one random place per member), applications only for away games with a members' allocation under 500, the 3-month wait for new members from 1 Jul 2025, the Ticketbörse for day tickets (sold-out games, from a week before, refund minus 20%), the Cannstatter Kurve as standing area, the REWE family block for Fritzle- and Jugendclub members. Also: 2024-25 home area sold out at all 24 home games, average 59,438. The 'Übersicht' table the article names is not in the page text and was not read."
V2,VfB Stuttgart,,vfb.de,club,Ticket-Update zur UEFA Champions League,25 Aug 2026,https://www.vfb.de/de/vfb/aktuell/neues/fans/2026/ticket-update-zur-uefa-champions-league-2627/,yes,"VfB ticket research, 7 Oct 2026 (pages read on a GitHub runner)","2026-27 Champions League: 4-packages (season-ticket holders, then members), single games for members without a package and with at least 3 months' membership, max 2; OFC lottery; away tickets to away-season-ticket holders, fan clubs, then members' sale or application depending on the allocation; sale dates announced in the ticket shop and by e-mail."
V3,VfB Stuttgart,,Wochenblatt Stuttgart (wochenblatt-reporter.de),press,VfB Stuttgart: Ticketverkauf für Champions League läuft,25 Aug 2026,https://www.wochenblatt-reporter.de/c-sport/vfb-stuttgart-ticketverkauf-fuer-champions-league-laeuft_a862240,yes,"VfB ticket research, 7 Oct 2026 (pages read on a GitHub runner)","Press restating V2 on the same day ('nach Vereinsangaben'): the same packages, the 3-month rule, max 2. Not independent of the club - a second publisher of the club's statement."
V4,VfB Stuttgart,,shop.vfb.de,club,VfB Vereinsmitgliedschaft - jetzt Mitglied werden,current (read 7 Oct 2026),https://shop.vfb.de/de/mitgliedschaften/verein,yes,"VfB ticket research, 7 Oct 2026 (pages read on a GitHub runner)",Passive membership: presale right on tickets activated after three months; processing currently about 2 weeks; season-ticket discount and presale right. The page itself gives no fee; it links V5.
V5,VfB Stuttgart,,shop.vfb.de,club,Beitragsübersicht,current (read 7 Oct 2026); rates since 1 Jan 2022,https://shop.vfb.de/de/mitgliedschaften/beitragsuebersicht,yes,"VfB ticket research, 7 Oct 2026 (pages read on a GitHub runner)","Fees per calendar year, decided 18 Jul 2021, in force since 1 Jan 2022: passive e.V. children to 14 EUR 21, 15-25 EUR 30, 26-64 EUR 60, 65+ EUR 30, families EUR 120/141/162; Mini-Club EUR 12 and Fritzle-Club EUR 33 (each plus EUR 18.93 joining fee), Jugendclub EUR 33. The FAQ (V9) gives family fees of EUR 96/114/132 - the two club pages disagree on that line."
V6,VfB Stuttgart,,shop.vfb.de,club,VfB Jugendclub Mitgliedschaft für 13-18-Jährige,current (read 7 Oct 2026),https://shop.vfb.de/de/mitgliedschaften/jugendclub,yes,"VfB ticket research, 7 Oct 2026 (pages read on a GitHub runner)","Jugendclub (13-18): EUR 33 a year, ticket presale right activated after three months' membership."
V7,VfB Stuttgart,,shop.vfb.de,club,Fritzle-Club Mitgliedschaft (5-12 Jahre),current (read 7 Oct 2026),https://shop.vfb.de/de/mitgliedschaften/fritzle-club,yes,"VfB ticket research, 7 Oct 2026 (pages read on a GitHub runner)","Fritzle-Club (5-12): EUR 18.93 joining fee and EUR 33 a year, applied for together with the parents; exclusive presale right for all home games, activated after three months; processing about 2 weeks."
V8,VfB Stuttgart,,service.vfb.de,club,Help Center - Tickets/Dauerkarten: Heimspiele,current (read 7 Oct 2026),https://service.vfb.de/categories.html?hl=de&c=2005_18962_18963_,yes,"VfB ticket research, 7 Oct 2026 (pages read on a GitHub runner)","The club's ticket FAQ: tickets only via tickets.vfb.de/shop/103 (worded for 25/26); day-ticket prices vary from match to match and are visible only once that match's sale has started; reductions (to 17, 65+, disability 50+) and a child price (to 13) in some areas, nothing else; no exchange or return; the Ticketbörse; passing a day ticket to friends at the original price, third-party platforms forbidden; EUR 5 replacement ticket; VVS travel included."
V9,VfB Stuttgart,,service.vfb.de,club,Help Center - Mitgliedschaft,current (read 7 Oct 2026),https://service.vfb.de/categories.html?hl=de&c=2005_18962_18975_,yes,"VfB ticket research, 7 Oct 2026 (pages read on a GitHub runner)",Membership FAQ: the application is complete only once the confirmation e-mail is clicked; random identity checks; fee charged pro rata from the entry date; Fritzle/Jugendclub members show 'Kein Mitglied' in the account but hold a presale right; membership not transferable.
V10,VfB Stuttgart,,service.vfb.de (VfB Stuttgart Arena Betriebs GmbH),club,Stadionordnung der MHPArena Stuttgart vom 1. April 2024,1 Apr 2024,https://service.vfb.de/categories.html?hl=de&c=2005_18962_18979_,yes,"VfB ticket research, 7 Oct 2026 (pages read on a GitHub runner)","The ground's rules, as the club's help centre prints them (Heimspieltag section): children under 14 admitted only with an adult; children under 7 not in standing areas even with an adult. The operator is the arena company, not the AG; it is the club's ground, so it is filed as club."
V11,VfB Stuttgart,,tickets.vfb.de,club,Allgemeine Ticket-Geschäftsbedingungen (ATGB) der VfB Stuttgart 1893 AG,Stand: Juni 2025,https://tickets.vfb.de/shop/103?nextstate=12&alternativelayout=flexshop_3_shoptext&wes=empty_session_103&language=1&shopid=103,yes,"VfB ticket research, 7 Oct 2026 (pages read on a GitHub runner)","Read in full. 2.1 the club may limit tickets per buyer; 2.4 ID checks on suspected abuse; 2.7 tickets individualised, official photo ID to be carried and shown on request; 3.1 prices from the club's current price lists; 7.2 no refund when a league match was not yet finally scheduled by the DFL at the time of the order; 9.3 banned platforms and the +20% plus EUR 5 cap on a private handover; 9.4 private handover allowed via the Zweitmarkt or with the new holder's name, address and date of birth on request; 9.x Zweitmarkt seller credited the original price less costs; 11.1 under-14s only with an adult holding a ticket; 11.2 d entry can be refused if holder and buyer differ outside 9.4. The shop's footer link shop.vfb.de/agb/atgb/agab redirects here."
V12,VfB Stuttgart,,shop.vfb.de,club,Allgemeine Informationen Heimspiele,current (read 7 Oct 2026),https://shop.vfb.de/de/tickets/allgemeine-informationen,yes,"VfB ticket research, 7 Oct 2026 (pages read on a GitHub runner)","Cannstatter Kurve standing area; REWE family block for Fritzle- and Jugendclub members only, from EUR 20 per person for the parent-and-child combination ticket (prices vary per game); handicap tickets EUR 12, not orderable by disabled non-members in a members' sale; the Ticketbörse (buyers pay the official price through the regular sale; sellers refunded minus 20%; day tickets only for sold-out games from one week before, season tickets from two weeks); unauthorised platforms named and prosecuted."
V13,VfB Stuttgart,,shop.vfb.de,club,Alle Informationen zum Dauerkartenverkauf 2026/2027,current (read 7 Oct 2026),https://shop.vfb.de/de/Dauerkarten,yes,"VfB ticket research, 7 Oct 2026 (pages read on a GitHub runner)","Season tickets 2026-27: renewal phase, then existing members could apply for a small main-stand contingent; no transfer of a season ticket for 2026-27; price adjustment in all categories; reductions; resale via the Zweitmarkt minus 20%. English twin: shop.vfb.de/en/season-tickets."
V14,VfB Stuttgart,,assets.vfb.de,club,Dauerkarten Preise 2026|2027 (PDF),2026,https://assets.vfb.de/webasset/src?src=/Contentseiten/Tickets/Dauerkarte_Preise_26_27.pdf,yes,"VfB ticket research, 7 Oct 2026 (pages read on a GitHub runner)","Season-ticket prices by category 1-7 and person group (full, member, reduced, child to 13); the member price is EUR 17 below full. Read as extracted text."
V15,VfB Stuttgart,,vfb.de,club,UEFA Champions League Preise 24|25 (PDF),Aug 2024,https://www.vfb.de/?proxy=redaktion%2Fimages%2Fneues%2Fprofis%2F2024-2025%2FPreisuebersicht_UCL_24-25.pdf,yes,"VfB ticket research, 7 Oct 2026 (pages read on a GitHub runner)","The club's 2024-25 Champions League price list: single tickets and 4-packages, categories 1-7, full / reduced / child to 13. The latest day-ticket price list by category the club has published that this research found. Read as extracted text."
V16,VfB Stuttgart,,Die falsche 9,press,Sitzplätze ab 55 Euro: Die Preise für die Champions League beim VfB Stuttgart,14 Aug 2024,https://www.diefalsche9.de/sitzplaetze-ab-55-euro-die-preise-fuer-die-champions-league-beim-vfb-stuttgart/,yes,"VfB ticket research, 7 Oct 2026 (pages read on a GitHub runner)","Restates V15 the day it appeared: standing EUR 19 (EUR 76 in the 4-package), seats from EUR 55, Gegentribüne EUR 90-125; season-ticket holders book their own seat first, every other ticket by lottery to members only, one per member per game."
V17,VfB Stuttgart,,tickets.vfb.de,club,Veranstaltungskalender - Heimspiele (VfB Ticket-Onlineshop),current (read 7 Oct 2026),https://tickets.vfb.de/shop?wes=empty_session_103&language=1&shopid=103&nextstate=2&lpShortcutId=5,yes,"VfB ticket research, 7 Oct 2026 (pages read on a GitHub runner)",The shop's home-game list as it stood on 7 Oct 2026: every game 'Mitgliederverkauf: max. 2 Tickets/Mitglied'; Atlético (UCL) and Gladbach 'Ausverkauft - Freigabe von Restplätzen möglich'; the members' sale for the Frankfurt game (28 Nov) and the Lille game (9 Dec) announced to open 46 and 43 days before kickoff. Those two openings are future dates and are written in no cell. A live page: it changes as sales move on.
V18,VfB Stuttgart,,tickets.vfb.de,club,Veranstaltungskalender - Auswärtsspiele (VfB Ticket-Onlineshop),current (read 7 Oct 2026),https://tickets.vfb.de/shop?wes=empty_session_103&language=1&shopid=103&nextstate=2&lpShortcutId=4,yes,"VfB ticket research, 7 Oct 2026 (pages read on a GitHub runner)","The shop's away-game list on 7 Oct 2026: members' sale or members' application (max 2) per game; at Slovan Bratislava no members' sale ('aufgrund des geringen Gästekontingents'), tickets to away-season-ticket holders and fan clubs; several guest areas already sold out. A live page."
V19,VfB Stuttgart,,Stuttgarter Nachrichten,press,VfB Stuttgart: Ticket-Chance für Nicht-Mitglieder - freier Verkauf läuft,9 Jan 2026,https://www.stuttgarter-nachrichten.de/sport/vfb-stuttgart/vfb-stuttgart-ticket-chance-fuer-nicht-mitglieder-freier-verkauf-laeuft-78877255.html,yes,"VfB ticket research, 7 Oct 2026 (pages read on a GitHub runner)","Free sale for the Frankfurt (Tue) and Union Berlin (Sun 18 Jan) home games of January 2026, switched on the Thursday before; 'in aller Regel' tickets are gone after the members' sale; adjacent seats left mainly at the side of the Gegengerade near the guest area for EUR 70. Paywalled site; this part was readable. Same newsroom and author (David Scheu) as V20 and V21."
V20,VfB Stuttgart,,Stuttgarter Zeitung,press,VfB Stuttgart: Tickets für alle - der neue Normalfall?,10 Mar 2026,https://www.stuttgarter-zeitung.de/sport/vfb-stuttgart/vfb-stuttgart-tickets-fuer-alle-der-neue-normalfall-78923315.html,yes,"VfB ticket research, 7 Oct 2026 (pages read on a GitHub runner)","Paywalled: only the teaser was read - 'Für alle bisherigen Bundesliga-Heimspiele des VfB in diesem Jahr hat es einen freien Kartenverkauf für Nicht-Mitglieder gegeben', and much suggests it will not stay so. Not independent of V19 (same newsroom)."
V21,VfB Stuttgart,,Stuttgarter Zeitung,press,"VfB Stuttgart: Ein Mitglied, ein Ticket - der VfB weitet die neue Praxis aus",14 Nov 2024,https://www.stuttgarter-zeitung.de/sport/vfb-stuttgart/vfb-stuttgart-ein-mitglied-ein-ticket-der-vfb-weitet-die-neue-praxis-aus-79019641.html,yes,"VfB ticket research, 7 Oct 2026 (pages read on a GitHub runner)",Paywalled: teaser and caption only - in 2024-25 the club limited especially demanded games to one ticket per member.
V22,VfB Stuttgart,,SPOX,press,"VfB Stuttgart, Tickets: Wo kann ich Karten kaufen und was kosten sie?",23 Sep 2024,https://www.spox.com/fussball/listen/vfb-stuttgart-tickets-wo-kann-ich-karten-kaufen-und-was-kosten-sie/6828808,yes,"VfB ticket research, 7 Oct 2026 (pages read on a GitHub runner)","'Was die Preise ... betrifft, wird auf der VfB-Website nur die Champions League abgedeckt. Einsicht auf Spiele der Bundesliga und des DFB-Pokals bekommt man nur im Mitgliederbereich, da die Preise von Spiel zu Spiel variieren.' Also points readers to StubHub, which the club's terms ban (V11 9.3)."
V23,VfB Stuttgart,,vfb.de,club,Besucherinfos zum Bundesliga-Heimspiel gegen den FC Bayern München,Dec 2025,https://www.vfb.de/de/vfb/aktuell/neues/fans/2025/besucherinfos--vfb---fc-bayern-muenchen-2526/,yes,"VfB ticket research, 7 Oct 2026 (pages read on a GitHub runner)",The 2025-26 home game v Bayern (Sat 15:30): 'Die MHP Arena ist ausverkauft'; returns only through the ticket Zweitmarkt; no entry to the Cannstatter Kurve in the visiting club's colours.
V24,VfB Stuttgart,,en.wikipedia.org,wiki,2025-26 VfB Stuttgart season,current (read 7 Oct 2026),https://en.wikipedia.org/wiki/2025%E2%80%9326_VfB_Stuttgart_season,yes,"VfB ticket research, 7 Oct 2026 (pages read on a GitHub runner)","Match attendances (v Bayern 6 Dec 2025: 60,000; v Dortmund 4 Apr 2026: 60,000) and the infobox: highest home attendance 60,449, lowest 57,000, average home league attendance 59,358. Mostly round figures; a third party's record."
V25,VfB Stuttgart,,en.wikipedia.org,wiki,2026-27 VfB Stuttgart season,current (read 7 Oct 2026),https://en.wikipedia.org/wiki/2026%E2%80%9327_VfB_Stuttgart_season,yes,"VfB ticket research, 7 Oct 2026 (pages read on a GitHub runner)","Attendances so far: v Köln (4 Sep 2026) 60,058; v Dortmund (19 Sep 2026) 60,000; v Viking (UCL, 9 Sep 2026) 57,500. Lists the Gladbach home game on 24 Oct, where the club's shop and the fixture file say Fri 23 Oct - Wikipedia behind."
V26,VfB Stuttgart,,de.wikipedia.org,wiki,MHPArena,current (read 7 Oct 2026),https://de.wikipedia.org/wiki/MHPArena,yes,"VfB ticket research, 7 Oct 2026 (pages read on a GitHub runner)","Infobox: 60,058 places, 54,812 international. Text: 60,449 after the 2011 rebuild (49,224 seats, 11,225 standing; 54,812 all-seated), about 400 seats fewer after the main-stand modernisation to 2024."
V27,VfB Stuttgart,,Die falsche 9,press,VfB-Pokalspiel gegen Augsburg nicht ausverkauft,4 Feb 2025,https://www.diefalsche9.de/vfb-pokalspiel-gegen-augsburg-nicht-ausverkauft/,yes,"VfB ticket research, 7 Oct 2026 (pages read on a GitHub runner)","DFB-Pokal quarter-final v Augsburg (Feb 2025): not sold out on the day of the game; cheapest remaining tickets from EUR 60; the club had moved the game to free sale the week before, up to ten tickets per person; a few hundred seats expected empty."
V28,VfB Stuttgart,,Die falsche 9,press,VfB Stuttgart ist Auswärtsfahrermeister der Bundesliga,30 May 2025,https://www.diefalsche9.de/vfb-stuttgart-ist-auswaertsfahrermeister-der-bundesliga/,yes,"VfB ticket research, 7 Oct 2026 (pages read on a GitHub runner)","2024-25: on average 5,532 VfB fans at away games; the guest area sold out at 16 of 17 Bundesliga away games."
V29,VfB Stuttgart,,Stuttgarter Zeitung,press,VfB Stuttgart: Freier Ticket-Verkauf für Hoffenheim-Spiel startet,1 Sep 2026,https://www.stuttgarter-zeitung.de/sport/vfb-stuttgart/vfb-stuttgart-freier-ticket-verkauf-fuer-hoffenheim-spiel-startet-79429578.html,yes,"VfB ticket research, 7 Oct 2026 (pages read on a GitHub runner)","TSG Hoffenheim v VfB (12 Sep 2026): Hoffenheim's own free sale, about 3,000 tickets, max two per person, EUR 18-90, after its members' and fan-club presale. Paywalled; the readable part includes a summary the site marks as written by AI, and the article's first lines, which say the same."
V30,VfB Stuttgart,,service.vfb.de,club,Help Center - Häufig gestellte Fragen (front page),current (read 7 Oct 2026),https://service.vfb.de/index.html,yes,"VfB ticket research, 7 Oct 2026 (pages read on a GitHub runner)","Front-page FAQ: the Tageskartenzweitmarkt (as V8), and a season-ticket seat placed on the Zweitmarkt becomes visible 'für andere Mitglieder' once confirmed by e-mail."
V31,VfB Stuttgart,,vfb.de,club,Ticketinfos fürs DFB-Pokal-Finale 2026,24 Apr 2026,https://www.vfb.de/de/vfb/aktuell/neues/fans/2026/ticketinfos-fuers-dfb-pokalfinale-2026/,yes,"VfB ticket research, 7 Oct 2026 (pages read on a GitHub runner)","The 2026 final (neutral ground, Berlin): an application with a draw for members and season-ticket holders 24-27 Apr 2026, open to members who joined before 24 Jan 2026, up to two tickets each. Read only to its first paragraphs."
